id_img,label
10052,angry
10065,fear
10079,fear
10095,surprise
10121,neutral
10148,neutral
10163,neutral
10215,fear
1024,happy
10286,happy
10315,happy
10336,angry
10338,surprise
10371,surprise
10382,neutral
10399,sad
10415,happy
10426,happy
10551,fear
10554,angry
10583,fear
10699,neutral
10702,sad
1071,sad
10743,happy
10746,fear
10818,surprise
10823,sad
10825,neutral
10839,fear
10854,angry
10970,angry
11002,happy
11017,surprise
11024,angry
11028,happy
1106,neutral
11075,fear
11093,neutral
11096,surprise
11158,happy
11169,surprise
11186,sad
11188,happy
11200,angry
1124,happy
11266,sad
1127,happy
11337,sad
11342,surprise
11400,neutral
11421,happy
11467,sad
11561,neutral
11610,surprise
11613,neutral
11632,neutral
11642,neutral
11675,fear
11694,surprise
1177,happy
11813,neutral
11841,angry
11849,angry
11883,happy
11949,neutral
11964,surprise
11986,happy
12136,fear
12144,happy
1215,surprise
12171,happy
12183,sad
12230,sad
12237,happy
12307,angry
1235,sad
12352,sad
12489,happy
12680,surprise
12695,happy
12733,happy
12808,fear
12810,fear
12841,happy
12842,happy
12851,sad
12928,sad
12945,neutral
13029,angry
13041,neutral
13057,neutral
13059,angry
13092,angry
13118,angry
13167,happy
13220,neutral
13267,sad
13279,sad
13334,surprise
13351,neutral
13376,happy
13395,fear
1340,surprise
13431,sad
1350,happy
13514,happy
13533,happy
13535,surprise
1358,surprise
13582,neutral
13599,neutral
13607,happy
13671,neutral
13672,fear
13738,surprise
13758,angry
1386,happy
13890,surprise
13978,happy
14022,happy
14030,happy
14058,angry
14108,surprise
14118,sad
14120,neutral
14148,neutral
14185,surprise
14206,angry
1422,sad
14243,happy
14315,neutral
14329,surprise
14357,neutral
14376,surprise
1438,happy
14381,neutral
14421,happy
14438,neutral
14498,sad
14557,happy
1460,happy
14706,neutral
1477,angry
14775,fear
14821,angry
14831,surprise
14870,neutral
14945,sad
15074,sad
1508,sad
15138,angry
15172,surprise
15190,neutral
15194,happy
15217,fear
15222,fear
15295,sad
15474,happy
15500,sad
15502,surprise
1555,fear
15562,fear
15637,happy
15644,neutral
15654,happy
15699,sad
157,fear
15709,sad
15712,fear
15715,surprise
15725,happy
1575,happy
15771,sad
1582,sad
15820,surprise
15821,neutral
15835,neutral
1584,sad
15848,fear
15897,angry
15919,happy
15941,happy
15954,surprise
15979,sad
16033,happy
16102,neutral
16169,sad
16222,happy
16233,fear
16287,happy
16292,sad
16380,fear
16406,angry
16410,neutral
16413,surprise
16428,fear
16506,sad
16510,neutral
16557,neutral
16565,surprise
16643,happy
16659,sad
16681,happy
16711,happy
1672,happy
16764,fear
16768,angry
16783,fear
16792,fear
16875,happy
16999,happy
17024,surprise
17053,happy
17085,angry
17099,sad
17167,fear
1717,neutral
17170,surprise
17186,neutral
17209,happy
17211,sad
17228,happy
17259,surprise
17316,neutral
17344,sad
1736,neutral
17371,happy
17413,sad
17428,neutral
17445,angry
17452,happy
17502,fear
17536,neutral
17647,happy
17700,sad
17705,sad
17731,angry
17735,fear
17736,surprise
17752,neutral
17787,surprise
17910,fear
17939,surprise
18001,sad
18050,happy
18140,happy
18142,sad
18161,angry
18166,angry
18183,surprise
18200,fear
18247,neutral
1825,angry
18254,surprise
18284,neutral
18376,happy
18380,angry
1841,sad
18415,surprise
18445,sad
18459,happy
18466,happy
18492,happy
18534,neutral
18565,angry
18566,disgust
18588,fear
18593,neutral
18602,fear
18617,angry
18633,neutral
18695,neutral
18715,neutral
18779,happy
1880,neutral
18810,neutral
18837,angry
18882,angry
18903,angry
18949,surprise
18983,sad
1899,sad
18994,sad
19014,happy
19060,surprise
19067,neutral
1908,angry
19093,angry
19108,happy
19114,angry
19115,angry
19140,angry
19152,happy
19268,neutral
19292,fear
19309,happy
19392,neutral
19476,happy
19477,neutral
19485,happy
1966,surprise
19664,happy
19732,surprise
19811,happy
1983,fear
19832,surprise
19877,sad
19906,fear
19923,happy
1994,angry
19950,fear
19961,happy
2006,surprise
20222,happy
20227,surprise
20287,angry
20290,fear
20298,sad
20303,angry
20312,fear
20328,happy
20353,neutral
20374,happy
20451,neutral
2050,happy
20505,sad
20532,disgust
2055,happy
20629,surprise
20630,sad
20635,angry
20640,happy
20653,happy
20673,angry
20686,surprise
20736,fear
20739,angry
20796,happy
20817,neutral
20849,sad
21068,sad
21099,sad
21111,happy
21131,surprise
21135,surprise
21161,happy
2117,sad
21173,neutral
21284,neutral
21371,angry
21374,neutral
2142,happy
21447,sad
21472,neutral
21511,fear
21512,disgust
21520,happy
21541,neutral
21573,happy
21670,surprise
21703,neutral
21723,happy
21782,happy
21836,neutral
21865,surprise
21916,neutral
21921,surprise
21922,neutral
2194,happy
22089,neutral
22183,happy
22184,angry
22198,fear
2225,fear
22309,happy
22334,happy
22375,sad
22516,angry
22695,sad
22733,neutral
22739,sad
22789,happy
22807,happy
22810,sad
22832,fear
2290,angry
22990,surprise
23,happy
23008,happy
23041,angry
23059,surprise
23085,neutral
23164,neutral
23194,happy
23215,happy
23230,sad
23246,happy
23327,sad
23404,happy
23468,angry
23473,happy
23488,happy
23521,sad
23532,happy
23749,sad
23780,happy
23783,fear
23814,happy
23847,angry
23886,happy
24067,surprise
2407,angry
24071,happy
24176,happy
24184,angry
24252,neutral
24378,surprise
24412,sad
24428,fear
24435,neutral
24437,surprise
24441,happy
24466,neutral
24490,neutral
245,sad
24501,surprise
24542,sad
24660,angry
24678,neutral
24711,happy
24789,neutral
24797,surprise
24819,neutral
24821,happy
2484,sad
2486,happy
2487,surprise
24886,happy
249,surprise
24959,angry
24967,angry
2498,sad
24992,happy
25082,sad
25088,angry
251,happy
25101,neutral
2511,angry
25131,angry
25144,fear
25209,fear
25255,neutral
25343,angry
25360,neutral
25435,happy
25528,sad
25542,surprise
2557,surprise
2558,neutral
25612,happy
25681,neutral
25688,sad
25778,happy
25795,happy
2581,happy
25811,surprise
25813,surprise
25844,neutral
25874,happy
25876,happy
25886,neutral
25891,sad
259,sad
25944,sad
25973,happy
26025,sad
26038,happy
26059,neutral
26121,surprise
26124,neutral
26137,sad
26163,angry
26175,neutral
26177,happy
26181,neutral
26185,fear
26248,sad
26264,happy
26267,happy
26337,angry
26344,fear
26437,happy
26446,neutral
26462,sad
26572,surprise
26597,surprise
26618,neutral
26620,happy
2668,angry
26725,surprise
26789,happy
26845,happy
26860,surprise
26886,surprise
26899,angry
26900,surprise
26919,angry
26928,happy
26956,neutral
27016,neutral
27022,fear
27054,fear
2709,happy
2712,neutral
27284,happy
27296,neutral
27385,surprise
27413,sad
27464,fear
27483,disgust
27544,neutral
2762,neutral
27652,neutral
2770,happy
27704,surprise
27715,surprise
27726,neutral
27744,angry
27770,happy
27777,sad
27798,surprise
27828,neutral
2791,fear
27967,surprise
27982,sad
28015,happy
28058,surprise
28062,neutral
28120,neutral
28144,fear
28148,happy
28149,sad
28207,surprise
28248,angry
28288,surprise
28300,happy
28401,happy
28438,happy
28498,angry
28509,neutral
28543,happy
28547,sad
28560,surprise
28585,neutral
28614,happy
28618,fear
28620,sad
28660,surprise
28707,angry
28720,happy
28731,neutral
28737,surprise
28743,neutral
28749,sad
28800,happy
28840,angry
28867,happy
28884,angry
2890,happy
28932,angry
28952,surprise
29085,happy
29119,sad
29132,sad
29202,surprise
29266,happy
29319,angry
2933,fear
29414,surprise
29471,surprise
29477,sad
29493,fear
29523,happy
29527,happy
29554,happy
29571,neutral
29581,neutral
29588,fear
29614,happy
29669,angry
29685,fear
29730,sad
298,sad
29818,fear
29866,neutral
29929,fear
29931,neutral
29947,happy
29977,neutral
29980,sad
30002,sad
30004,happy
30015,fear
30024,surprise
30058,happy
30059,happy
30082,surprise
30085,fear
30171,angry
3021,fear
30260,sad
30273,happy
30290,happy
30305,happy
30320,neutral
30325,surprise
30394,surprise
30415,neutral
30420,neutral
30456,fear
30458,sad
30460,happy
30490,fear
30509,neutral
30535,sad
30563,angry
30584,surprise
30619,surprise
30901,angry
30933,neutral
30944,happy
3099,neutral
31033,neutral
31042,surprise
31081,happy
31083,surprise
31138,happy
31142,fear
31203,neutral
3121,fear
3137,surprise
31491,happy
31529,happy
31544,fear
31609,angry
31635,fear
31693,fear
31703,neutral
3176,happy
31849,surprise
3186,sad
31873,sad
3188,fear
31928,happy
32023,sad
32024,sad
32153,neutral
32161,sad
32223,sad
32231,fear
3226,sad
32278,neutral
32281,surprise
32298,angry
32336,happy
32352,surprise
32367,happy
32454,sad
32464,happy
32473,fear
3248,neutral
32481,fear
32506,neutral
32512,surprise
32575,angry
32584,sad
32617,fear
32662,sad
32755,happy
32777,happy
33015,surprise
3303,angry
33105,sad
33131,sad
33221,disgust
3327,neutral
33301,angry
33308,angry
3334,happy
33352,happy
33444,neutral
33450,fear
33459,neutral
33494,fear
33560,sad
33573,sad
33633,neutral
33666,fear
3370,happy
33729,fear
3377,fear
338,fear
33809,sad
33829,happy
33890,neutral
33924,sad
33926,neutral
3393,angry
33935,fear
33977,fear
33987,happy
33998,neutral
34036,sad
34040,happy
3412,happy
34138,happy
34151,fear
34175,neutral
34178,neutral
34184,fear
34238,sad
34259,happy
34352,happy
34359,surprise
34363,fear
34448,happy
34474,fear
3449,fear
34507,sad
34581,angry
34592,neutral
34596,fear
34620,happy
3467,happy
34714,happy
34778,happy
34879,sad
35009,angry
35010,surprise
35028,happy
35041,happy
35059,happy
35145,surprise
35149,fear
35162,disgust
35210,surprise
3522,surprise
35261,sad
35298,happy
35407,sad
35425,sad
35439,angry
35447,happy
35514,fear
3558,sad
3564,happy
35669,happy
35681,happy
35682,happy
35731,angry
35753,angry
35805,neutral
35809,sad
35820,angry
35828,sad
35881,happy
35884,fear
3599,neutral
3632,neutral
377,neutral
38,sad
3802,happy
3819,neutral
3839,happy
3862,sad
3870,happy
3913,surprise
4015,sad
404,fear
4060,sad
4077,sad
4100,surprise
4196,fear
4229,surprise
4306,angry
4317,surprise
4324,angry
4349,happy
4384,sad
4396,fear
4397,happy
4459,sad
4468,angry
4502,surprise
4579,happy
4616,angry
4637,surprise
4660,neutral
4665,happy
4670,happy
4700,fear
4751,neutral
4807,sad
4878,happy
4937,neutral
5010,fear
5060,sad
5064,surprise
521,happy
5220,happy
5233,surprise
5244,happy
5259,angry
5312,happy
5317,sad
5400,fear
5422,fear
5432,sad
5434,happy
5459,surprise
5519,happy
5564,neutral
5570,sad
5582,neutral
5607,neutral
5610,fear
5637,sad
5732,neutral
5739,happy
5780,happy
5810,surprise
5822,sad
5859,fear
5883,happy
5888,surprise
589,neutral
5902,surprise
5962,fear
6009,sad
6017,sad
6075,angry
608,angry
6088,happy
6119,sad
6129,fear
6155,happy
6225,neutral
6232,surprise
624,neutral
6274,fear
6278,angry
6283,surprise
6321,sad
633,fear
6347,sad
6364,angry
6365,surprise
6375,fear
6390,happy
6420,fear
6426,happy
6471,sad
6484,neutral
65,surprise
654,surprise
6547,surprise
6555,happy
6561,happy
6566,angry
6580,neutral
6581,angry
6584,happy
6618,sad
6621,sad
665,surprise
6652,angry
6726,happy
6739,neutral
6745,surprise
676,surprise
6766,surprise
6809,angry
6890,happy
6923,neutral
6955,happy
6965,neutral
7015,fear
7056,happy
7103,neutral
7136,happy
7174,fear
7219,sad
7257,neutral
7261,happy
727,sad
7284,neutral
7291,sad
7409,sad
7492,happy
7550,sad
7559,happy
7589,happy
764,sad
7655,fear
7668,happy
7729,happy
7777,neutral
7793,happy
7811,surprise
7886,happy
7919,happy
7937,happy
7979,sad
8000,happy
8001,fear
8052,surprise
8096,neutral
8103,angry
8130,sad
8151,fear
816,angry
8267,happy
8275,neutral
8299,happy
8402,sad
842,neutral
854,happy
8555,sad
8581,sad
8593,sad
861,neutral
8661,sad
8685,sad
8719,fear
8734,happy
8902,happy
8916,sad
8969,neutral
9012,sad
9059,neutral
9100,angry
9156,fear
9266,angry
9293,sad
9331,happy
9400,sad
9567,happy
9615,angry
966,neutral
9691,fear
9698,surprise
9715,surprise
9748,surprise
9785,neutral
9802,angry
9811,fear
9862,sad
9884,angry
9931,happy
10053,neutral
10435,sad
10532,angry
1115,sad
11222,angry
11529,neutral
11639,happy
12417,happy
12753,fear
13372,neutral
13597,happy
13652,sad
13847,surprise
14041,angry
14869,sad
14954,sad
14958,sad
15110,happy
16021,sad
16054,fear
16121,happy
16264,angry
16718,sad
17260,surprise
18077,happy
1843,surprise
18464,angry
18716,surprise
19649,happy
19734,surprise
19770,fear
19801,surprise
19831,happy
20761,neutral
21744,angry
21765,fear
21851,sad
22320,angry
2275,happy
23141,sad
23153,neutral
23665,happy
23876,happy
24578,happy
25267,sad
25538,surprise
25541,sad
26859,fear
2732,fear
2742,happy
28332,surprise
28390,angry
28710,neutral
28987,sad
29158,sad
29269,sad
30347,angry
30428,surprise
30499,neutral
30601,neutral
30719,fear
30761,angry
30907,happy
3101,surprise
31232,happy
31323,surprise
31796,surprise
31828,neutral
32487,neutral
32681,surprise
33209,sad
33284,fear
33561,surprise
33670,happy
33995,surprise
34022,neutral
34432,neutral
34505,fear
34519,surprise
3521,happy
35376,surprise
35580,happy
3690,angry
3778,surprise
4002,surprise
4004,neutral
4265,happy
4312,angry
4481,surprise
4737,happy
5085,neutral
533,happy
573,neutral
6231,fear
6926,happy
7068,fear
7192,sad
7405,sad
7455,happy
7592,happy
7835,surprise
807,neutral
8415,neutral
8585,fear
8726,neutral
8893,neutral
8948,neutral
9043,neutral
9297,happy
9460,fear
9504,angry
10029,fear
10043,fear
10044,neutral
1008,neutral
10099,neutral
101,fear
10189,fear
10263,surprise
10267,happy
10278,fear
10292,surprise
10355,angry
10409,neutral
10437,angry
10443,fear
10445,sad
10458,neutral
10489,sad
10493,happy
10534,fear
1075,angry
10758,fear
1079,sad
10797,neutral
10832,happy
10933,surprise
10944,surprise
10968,surprise
10979,happy
11030,fear
11036,surprise
11039,happy
11054,sad
11057,happy
11104,fear
11112,sad
11137,neutral
11143,happy
11146,neutral
1116,sad
1128,sad
1133,happy
11353,happy
11360,sad
1137,fear
11381,happy
11412,angry
11416,happy
11471,neutral
11536,surprise
1154,happy
11559,fear
11587,neutral
11653,surprise
11682,surprise
11687,happy
1169,surprise
11704,neutral
11706,angry
11727,happy
11729,happy
11747,happy
11754,surprise
11774,fear
11816,happy
11855,sad
11904,happy
1193,neutral
11944,happy
11968,neutral
11999,surprise
12063,surprise
12125,sad
12255,sad
12259,fear
12313,surprise
12334,sad
12350,angry
12383,neutral
12431,surprise
12440,surprise
12472,sad
12496,happy
12527,angry
12578,sad
12592,fear
12634,fear
12674,neutral
12676,angry
12698,surprise
12712,surprise
12737,sad
12809,surprise
12891,sad
12948,sad
12986,neutral
12988,neutral
13067,surprise
13071,neutral
131,angry
13114,happy
13121,sad
13152,angry
13179,happy
13233,neutral
1325,happy
13250,happy
13252,sad
13301,surprise
13306,angry
13308,surprise
13310,angry
13362,happy
13394,angry
13405,surprise
1343,fear
13482,surprise
13486,angry
13518,fear
13549,sad
13561,fear
13585,angry
13587,fear
13593,sad
13596,neutral
13638,angry
13664,happy
1367,fear
13683,neutral
13694,sad
13798,sad
13855,sad
1389,fear
13899,happy
13913,fear
13921,happy
13928,neutral
13933,surprise
13939,fear
13965,happy
13971,sad
1401,angry
14011,angry
14033,angry
14037,happy
14044,neutral
14057,happy
14082,happy
1410,fear
14114,fear
14117,surprise
14268,neutral
1429,surprise
14306,neutral
1441,sad
14444,neutral
14452,neutral
14509,neutral
14529,angry
14551,angry
14605,sad
14620,neutral
14637,angry
1465,happy
14722,angry
1474,neutral
14744,happy
14747,surprise
14786,happy
14789,surprise
148,angry
1485,angry
14891,angry
14987,happy
15001,sad
15012,surprise
15040,surprise
1506,sad
15088,angry
15134,angry
15191,neutral
15198,neutral
15260,sad
15268,happy
15279,happy
15280,happy
1534,angry
15503,happy
15539,angry
15544,fear
15578,happy
15615,sad
15622,fear
15663,happy
15668,happy
15678,sad
1576,happy
15778,fear
15859,happy
15870,happy
15881,fear
15921,neutral
15950,happy
15984,surprise
1599,fear
15999,sad
16039,happy
1606,happy
16071,sad
16113,surprise
16134,neutral
16226,fear
16277,sad
16318,happy
16330,happy
16346,neutral
16374,fear
16395,angry
16429,sad
16440,surprise
16450,surprise
16486,happy
16489,happy
16501,neutral
16503,sad
16523,surprise
16539,happy
1654,angry
16559,happy
1657,surprise
1660,fear
16609,sad
16632,surprise
16674,angry
16775,surprise
16788,happy
16802,angry
16811,disgust
16830,happy
16915,neutral
16930,happy
16954,surprise
16977,happy
16990,angry
17105,fear
17107,happy
17114,surprise
17180,neutral
17191,neutral
17213,happy
17217,sad
1722,happy
17236,fear
1727,sad
17314,happy
17334,surprise
17369,neutral
17449,surprise
17479,angry
17503,angry
17550,fear
17558,sad
1756,surprise
17587,happy
17631,angry
17668,fear
17685,neutral
17707,angry
17710,fear
17762,happy
17816,neutral
17831,neutral
17834,sad
17901,fear
17930,surprise
17932,sad
17934,neutral
1796,happy
1799,surprise
18006,angry
18010,angry
18068,neutral
18073,neutral
18104,sad
18106,neutral
18108,fear
18117,happy
18148,sad
18203,neutral
18291,fear
18299,sad
18309,neutral
18317,neutral
18325,surprise
18336,angry
18364,neutral
1838,surprise
18404,sad
18513,fear
18517,happy
18523,happy
18527,sad
18542,happy
18569,sad
1857,neutral
18574,sad
18641,sad
18713,fear
1873,surprise
18753,neutral
18757,neutral
18763,happy
18905,happy
18908,sad
18911,angry
18960,angry
18974,fear
18976,happy
18984,surprise
19000,angry
19020,happy
19064,fear
19089,angry
19119,fear
19188,happy
19216,fear
19226,fear
19235,happy
19252,fear
1929,neutral
19349,neutral
1939,surprise
19454,fear
19473,happy
19497,happy
19559,neutral
19599,happy
19612,angry
19644,sad
19682,happy
19740,happy
19754,neutral
19810,sad
19841,sad
1986,surprise
19888,angry
19896,happy
19897,neutral
19995,happy
200,happy
20037,surprise
20058,happy
20062,happy
20083,angry
20135,happy
20194,surprise
20214,surprise
20265,neutral
20337,sad
20411,happy
20424,neutral
20450,fear
20461,angry
2047,happy
20476,sad
20495,happy
20508,neutral
20526,happy
20579,sad
20598,neutral
20617,happy
20715,sad
20831,sad
20843,happy
20851,angry
20897,fear
20970,happy
2098,sad
21,neutral
21070,sad
21101,neutral
21102,neutral
21227,angry
21230,angry
21250,surprise
21269,fear
21280,neutral
21352,fear
21360,sad
21387,happy
21420,sad
21464,surprise
21499,happy
21500,neutral
21556,surprise
21559,surprise
21598,happy
21615,happy
21654,angry
21686,neutral
21697,happy
2178,surprise
21833,happy
21858,sad
21877,happy
21946,sad
21967,happy
22050,angry
22074,neutral
22102,sad
22130,neutral
22166,fear
2226,happy
22326,angry
22349,fear
224,neutral
22458,sad
22485,fear
22520,happy
22607,fear
22640,surprise
22662,sad
22756,sad
22791,fear
22827,happy
22839,neutral
22840,sad
22917,angry
22944,surprise
22988,happy
22997,surprise
23038,sad
23083,neutral
23100,surprise
23126,neutral
23142,happy
23184,fear
23192,happy
23209,neutral
23260,angry
23305,happy
23332,surprise
23362,sad
23368,fear
23389,surprise
23403,angry
23427,fear
23447,angry
23463,happy
23477,surprise
23517,fear
23540,angry
23561,fear
23566,fear
2357,happy
23718,sad
23731,surprise
23767,angry
23778,happy
2378,happy
23791,sad
2391,neutral
24016,angry
24035,sad
24088,sad
24089,surprise
24131,happy
2416,neutral
24165,neutral
24185,sad
24213,fear
24220,angry
2426,happy
24452,happy
24479,fear
24482,sad
24539,angry
24554,sad
24562,fear
24579,neutral
24621,neutral
24625,neutral
24694,sad
24721,surprise
24753,sad
24763,fear
24778,sad
24822,surprise
24880,fear
24948,angry
24963,sad
24978,happy
24991,happy
25045,fear
25046,happy
25061,sad
25074,angry
25108,surprise
25109,happy
25133,neutral
25162,sad
25191,surprise
25202,sad
25220,neutral
25242,neutral
25247,neutral
25298,surprise
25306,happy
25327,happy
25359,happy
25439,sad
25481,happy
25496,fear
25555,angry
25570,angry
25577,happy
25590,neutral
25605,happy
25621,surprise
25638,fear
25647,happy
25710,sad
258,sad
25820,happy
25914,surprise
2592,sad
2593,happy
26082,sad
26091,fear
26097,happy
26131,fear
26210,fear
26250,surprise
26275,sad
26283,neutral
26363,surprise
26377,happy
26385,happy
26394,sad
264,neutral
26402,happy
26409,happy
2641,happy
26454,happy
26469,fear
2651,fear
2657,angry
26582,neutral
26726,fear
2681,neutral
26842,sad
26895,neutral
26916,surprise
26927,sad
26973,happy
26980,neutral
270,happy
27006,sad
27077,happy
27094,surprise
27098,fear
27103,happy
27145,sad
27300,neutral
27308,fear
27359,angry
27363,happy
27369,happy
27488,happy
27503,sad
27509,happy
27591,surprise
27635,happy
27709,surprise
27764,happy
27772,happy
27806,angry
27846,happy
27868,angry
27889,sad
2789,fear
27899,neutral
27910,happy
27937,surprise
28050,angry
28101,sad
28189,angry
28210,happy
28243,angry
28267,angry
28308,sad
28331,sad
28417,neutral
28453,sad
28503,happy
28515,sad
28548,angry
2858,sad
2860,happy
28627,neutral
28701,angry
28704,happy
28724,sad
28729,neutral
28734,happy
28859,happy
29005,neutral
29026,fear
29027,angry
29043,surprise
2906,fear
29068,sad
29126,angry
29152,sad
29219,surprise
2927,happy
29284,angry
29285,happy
29291,fear
29315,surprise
29327,happy
29349,surprise
29389,sad
29478,fear
29528,happy
29536,angry
29603,surprise
29629,fear
29674,happy
297,neutral
29701,sad
29709,surprise
29713,sad
29720,fear
29731,sad
29733,happy
29735,happy
29738,neutral
29795,fear
29869,happy
2987,neutral
29871,sad
2988,surprise
29892,happy
29912,happy
29924,sad
29990,sad
3000,neutral
30062,neutral
30074,angry
30196,fear
30206,fear
30237,neutral
30253,happy
30316,surprise
30333,angry
3036,angry
30482,angry
30564,surprise
3057,happy
30594,surprise
30638,neutral
30735,fear
30774,surprise
30798,happy
3087,surprise
30936,angry
31007,happy
31105,neutral
31107,sad
31116,sad
3112,fear
31130,surprise
31157,surprise
31159,sad
31188,fear
3124,happy
31286,neutral
31330,neutral
31341,happy
31357,happy
31375,happy
31395,sad
31398,angry
314,neutral
31421,happy
31461,neutral
31526,sad
31535,surprise
31569,happy
31625,fear
31638,neutral
31655,angry
3170,surprise
31738,neutral
31782,happy
31821,happy
31855,surprise
31860,fear
31866,sad
31903,neutral
31916,happy
31940,fear
31954,neutral
31973,surprise
31979,sad
32076,happy
32097,angry
32103,fear
32180,neutral
32279,sad
32323,sad
32349,happy
32351,sad
32438,neutral
32461,sad
32463,angry
32485,fear
32507,sad
32551,sad
32569,fear
32619,neutral
32623,sad
32642,surprise
32682,happy
32688,happy
3269,angry
32692,angry
32696,happy
32758,happy
32766,sad
32799,neutral
32829,happy
32876,happy
32879,happy
32889,happy
32931,happy
32940,fear
32941,happy
32946,happy
3296,happy
3297,happy
32996,sad
33007,fear
33051,happy
33097,happy
3314,angry
33215,neutral
33258,happy
33299,happy
33358,surprise
33390,happy
33410,angry
33419,sad
33440,surprise
33490,happy
33519,neutral
33535,sad
33548,sad
33559,fear
33587,neutral
33608,fear
33617,neutral
33644,surprise
33673,happy
33674,sad
33701,sad
33718,happy
33806,happy
33855,sad
3391,fear
33919,happy
33940,surprise
340,happy
3402,angry
34024,fear
34063,happy
3409,sad
34097,sad
341,neutral
34100,sad
34117,surprise
34120,surprise
34143,happy
34201,surprise
34277,happy
34325,happy
34356,neutral
34382,happy
34396,surprise
34415,angry
34462,happy
34465,fear
34522,happy
34545,sad
34613,sad
34656,surprise
34659,neutral
34675,sad
3472,happy
34730,angry
34755,happy
34878,angry
34897,surprise
34968,sad
34972,sad
35022,neutral
35120,surprise
35151,sad
35202,fear
35207,surprise
35230,neutral
35238,angry
35250,happy
35257,angry
35279,angry
35322,sad
35334,sad
35362,happy
35363,sad
35394,angry
35410,happy
35427,happy
35453,angry
35541,neutral
35592,happy
35629,sad
3565,happy
35697,surprise
35709,surprise
3584,happy
35851,happy
3601,happy
3645,surprise
365,happy
3709,angry
3714,angry
3719,happy
3722,angry
3736,fear
3739,angry
3742,fear
3783,sad
3785,neutral
3836,surprise
3837,angry
3985,surprise
4033,angry
4040,sad
4064,angry
4098,happy
414,fear
418,happy
4200,happy
4217,happy
4234,fear
4296,fear
4308,neutral
4316,happy
4340,angry
4411,neutral
4453,angry
4516,fear
452,sad
4523,angry
454,happy
4540,angry
4547,happy
460,happy
4650,happy
4821,neutral
483,fear
4858,fear
4901,sad
4917,happy
4975,surprise
4979,happy
4986,neutral
500,happy
5023,sad
504,fear
507,neutral
5074,angry
5097,fear
5117,sad
5184,sad
5222,sad
5253,angry
5263,sad
5283,happy
5360,fear
538,surprise
546,surprise
5472,angry
5514,sad
5567,fear
5622,happy
5638,happy
5654,happy
5717,sad
5736,surprise
5809,fear
5858,happy
5957,neutral
5961,happy
5989,fear
5992,happy
6035,happy
6037,sad
6054,fear
6059,angry
6062,neutral
6064,sad
6091,fear
6106,angry
6152,surprise
6153,happy
6176,neutral
6179,happy
6214,neutral
6311,fear
6345,neutral
6346,sad
6366,surprise
6469,happy
6495,happy
6515,angry
6608,sad
6732,happy
6747,fear
6808,neutral
6814,fear
6876,neutral
689,happy
6902,sad
6909,angry
6973,sad
6988,neutral
7027,happy
7038,neutral
7102,angry
712,surprise
7129,happy
7146,sad
7150,happy
7158,sad
7182,surprise
7270,happy
7271,happy
729,neutral
73,happy
7302,neutral
7305,angry
7350,happy
7394,neutral
741,happy
7517,happy
7542,happy
7580,fear
7681,neutral
7684,surprise
7748,neutral
7749,fear
7756,happy
7786,sad
7819,neutral
7846,surprise
7875,fear
7894,sad
794,happy
7980,happy
8035,surprise
8040,sad
8043,neutral
8067,angry
8119,surprise
8163,happy
8177,angry
8178,happy
8239,sad
8350,sad
8433,happy
8454,fear
8474,happy
8481,surprise
85,sad
8556,happy
859,surprise
8611,happy
8637,sad
8645,neutral
8672,sad
872,happy
8754,sad
8795,neutral
8797,angry
8818,happy
886,happy
9037,sad
9040,sad
9101,happy
911,sad
9179,sad
9205,surprise
9232,happy
9251,surprise
9261,happy
9281,happy
9302,surprise
9333,fear
9369,sad
9370,neutral
9474,happy
949,sad
9602,happy
9606,surprise
9842,neutral
9898,surprise
10019,fear
10023,happy
10074,sad
10096,surprise
10106,happy
10126,sad
10138,happy
10141,sad
1020,happy
10218,fear
10237,happy
10248,fear
10257,fear
1027,neutral
10273,fear
10276,neutral
10312,surprise
10317,neutral
10344,happy
10362,surprise
10367,fear
10370,happy
10432,happy
10456,sad
10467,surprise
10468,happy
10480,sad
10528,sad
10540,happy
10552,surprise
1056,happy
10571,neutral
1058,angry
10622,happy
10638,angry
10640,sad
10644,sad
10647,sad
10683,sad
10703,happy
1074,happy
10770,angry
10773,happy
10792,neutral
1081,sad
10811,neutral
10841,neutral
10879,angry
10903,happy
10935,sad
10956,neutral
10992,happy
11019,happy
1111,surprise
11150,neutral
11208,sad
1121,sad
11236,sad
1130,surprise
11345,happy
11349,neutral
11392,happy
1141,neutral
11500,happy
11508,happy
11516,happy
1152,fear
11530,angry
11549,happy
11552,sad
11558,fear
11573,sad
11575,angry
11588,sad
1159,happy
11594,fear
11604,neutral
11614,sad
11637,neutral
11646,happy
11658,angry
11717,happy
11733,angry
11763,sad
11766,fear
11772,neutral
11785,surprise
11793,sad
11808,happy
11814,happy
11819,sad
11835,fear
11842,sad
11850,happy
11885,neutral
11927,fear
12011,happy
1202,sad
12024,sad
12098,happy
12120,happy
12129,happy
12141,happy
12191,sad
12239,happy
12257,surprise
12284,surprise
12321,neutral
12329,happy
12349,happy
12359,surprise
12376,happy
12379,surprise
12381,sad
12410,neutral
1246,happy
12487,sad
12492,sad
12497,sad
12557,happy
12560,happy
12581,happy
12600,neutral
12611,neutral
12672,sad
12705,happy
12725,happy
12729,angry
12772,neutral
12776,happy
12789,neutral
12861,happy
12904,sad
12936,surprise
12951,happy
12956,happy
12957,fear
13037,angry
13073,happy
1309,surprise
13105,neutral
13108,sad
13127,surprise
13139,happy
13151,angry
1316,sad
13204,neutral
13228,neutral
13283,neutral
13317,happy
13322,happy
1334,sad
13348,angry
13353,happy
13363,happy
13366,happy
13385,surprise
1341,angry
13427,neutral
13428,surprise
13449,neutral
13456,happy
13476,neutral
13502,fear
13526,angry
13528,neutral
13570,surprise
13584,surprise
13590,neutral
13615,neutral
13618,angry
13655,happy
13703,sad
13706,neutral
13715,sad
13757,fear
13761,happy
13792,fear
13802,surprise
1381,fear
13833,angry
13848,happy
13874,happy
13877,happy
139,fear
13911,angry
13912,happy
13925,neutral
1395,happy
13955,angry
13968,neutral
13969,neutral
13991,neutral
14063,happy
14092,happy
141,angry
14139,angry
14152,happy
14155,neutral
14169,angry
14236,sad
14278,happy
14282,neutral
14292,happy
14310,angry
14314,fear
14327,neutral
14348,happy
14360,surprise
14371,angry
14378,sad
14419,angry
14427,happy
14448,surprise
14473,surprise
14475,happy
14516,neutral
14517,neutral
14518,angry
14546,surprise
14586,angry
14593,happy
14611,neutral
14700,fear
14730,angry
14757,angry
14759,surprise
14792,sad
14877,sad
1491,happy
14965,neutral
14973,angry
15039,neutral
15060,neutral
15077,angry
15099,neutral
1512,happy
15147,angry
15181,happy
15212,surprise
15216,neutral
15221,fear
15229,fear
15257,angry
15269,happy
15271,sad
15292,angry
15310,surprise
15323,neutral
15331,angry
15335,sad
1538,happy
15397,happy
15400,neutral
15409,sad
15426,fear
15432,angry
15438,neutral
15443,happy
15455,happy
15494,surprise
15520,surprise
15523,happy
15589,happy
15616,happy
15621,neutral
15677,surprise
15708,happy
15758,neutral
15767,fear
15791,happy
15843,surprise
15854,neutral
15885,surprise
15910,happy
15966,neutral
15976,surprise
15983,happy
16037,neutral
16042,happy
16064,neutral
16076,happy
16081,happy
16106,sad
16108,surprise
16120,neutral
16141,fear
16192,angry
16198,angry
16238,happy
16275,happy
1628,surprise
16308,happy
16370,fear
16375,happy
1640,neutral
16407,fear
16423,fear
16444,happy
16460,surprise
16511,angry
16550,happy
16562,surprise
16583,surprise
16588,angry
16596,surprise
16604,surprise
16611,surprise
16619,angry
16633,sad
16649,angry
16667,happy
16699,happy
167,neutral
1670,sad
16700,angry
16712,surprise
16734,happy
16738,angry
16751,happy
16752,happy
16759,angry
16770,surprise
16795,angry
16799,fear
16809,angry
16818,neutral
16952,surprise
16967,surprise
16971,sad
1699,neutral
17002,sad
17007,surprise
17010,angry
17021,happy
17022,happy
17032,surprise
1704,neutral
17041,fear
1707,neutral
17098,angry
17104,neutral
17117,surprise
17188,neutral
17194,angry
17207,surprise
17220,happy
17319,angry
17367,sad
17381,surprise
17397,sad
17402,happy
17447,fear
17462,fear
17470,neutral
17484,happy
17485,surprise
17494,neutral
17498,happy
17506,surprise
17524,happy
17541,happy
17543,neutral
17552,fear
17609,neutral
17624,happy
17654,sad
1768,sad
17682,neutral
17684,happy
17692,fear
17694,neutral
17698,fear
1770,neutral
17715,happy
17772,sad
17799,neutral
17802,neutral
17821,neutral
1787,surprise
17904,sad
1793,fear
17936,angry
18016,happy
18018,happy
18025,surprise
18033,neutral
18037,neutral
18080,sad
18082,fear
1815,angry
18165,happy
18173,surprise
18205,neutral
18226,neutral
18237,sad
18245,happy
18249,surprise
18250,sad
18256,surprise
18259,neutral
18297,angry
18308,happy
18383,angry
18405,fear
18424,neutral
18425,neutral
18442,surprise
18443,happy
18471,neutral
18476,angry
18483,neutral
18487,surprise
18503,happy
18505,happy
18531,sad
18541,neutral
18556,neutral
18568,surprise
18578,angry
18655,surprise
18662,happy
1869,neutral
187,happy
18700,sad
18729,surprise
18783,fear
18822,happy
18827,surprise
18834,surprise
18835,sad
18849,happy
18861,happy
1887,fear
18873,happy
18885,happy
18898,sad
18904,angry
18930,sad
18944,happy
18948,sad
18952,surprise
19008,happy
19012,sad
19025,sad
19056,surprise
19062,happy
19063,surprise
19074,happy
19105,happy
19127,fear
19130,neutral
19132,angry
19137,surprise
19148,fear
19160,neutral
19162,sad
1919,happy
192,surprise
1920,neutral
19210,fear
19245,happy
19263,neutral
19269,sad
19284,fear
19291,sad
19317,surprise
19318,surprise
19323,surprise
19346,fear
19357,happy
19370,happy
19377,neutral
19378,surprise
1938,happy
19398,neutral
19402,angry
19438,sad
19449,surprise
19478,angry
19492,surprise
19496,surprise
19499,happy
19514,neutral
1953,happy
19536,sad
19548,angry
19568,neutral
19589,neutral
19597,neutral
196,angry
19600,happy
19605,angry
19668,sad
19680,angry
19696,fear
19700,happy
19709,surprise
19711,angry
1974,sad
19744,happy
19747,happy
19748,sad
19768,fear
19803,neutral
19837,angry
19883,surprise
19889,fear
19918,neutral
19957,neutral
19958,angry
19962,sad
19968,surprise
2001,happy
20023,surprise
20025,sad
20032,neutral
20039,fear
20048,sad
20091,angry
20111,happy
2012,neutral
20120,neutral
20122,fear
20140,angry
20155,fear
20165,angry
20181,neutral
20196,happy
20208,sad
20213,sad
20216,surprise
20218,happy
20229,neutral
20239,angry
20252,happy
20267,happy
20285,happy
20296,neutral
20318,neutral
20355,angry
20365,neutral
20371,surprise
20377,fear
20412,surprise
20430,fear
20445,happy
20490,happy
20500,happy
20507,happy
20519,surprise
20547,angry
20561,happy
20567,neutral
2058,angry
20580,happy
20595,happy
20616,angry
2064,fear
20666,neutral
20675,sad
20684,happy
20685,fear
2069,angry
20745,fear
20821,surprise
20829,neutral
20850,angry
20857,angry
20865,surprise
20866,sad
20889,happy
20918,neutral
20941,fear
20945,surprise
20949,angry
20958,happy
20972,sad
20984,fear
20988,fear
20994,neutral
210,surprise
21006,neutral
21027,angry
21033,sad
21077,surprise
21097,happy
21098,happy
21120,happy
21143,neutral
21177,happy
21185,sad
2120,surprise
21200,surprise
2122,sad
21235,surprise
21292,happy
213,happy
21305,sad
21316,fear
21348,happy
2135,surprise
2137,happy
21376,neutral
21384,neutral
21394,sad
21439,happy
21441,neutral
21460,angry
21473,fear
21483,neutral
21501,neutral
2152,happy
21524,happy
21538,happy
21574,neutral
2159,sad
21593,happy
21602,happy
21605,fear
21618,angry
21699,happy
21708,neutral
21750,surprise
21778,angry
21783,fear
21787,happy
2182,happy
21825,sad
21835,happy
2184,angry
21846,happy
21876,sad
21899,neutral
21927,angry
21942,sad
21943,fear
21961,neutral
21990,happy
2204,happy
22056,angry
22064,sad
22080,neutral
22097,neutral
22111,sad
22138,fear
22140,fear
22150,neutral
22154,surprise
22178,angry
22179,angry
22191,neutral
22194,happy
22201,angry
22247,angry
22289,surprise
22290,happy
22301,neutral
2231,sad
22340,fear
22346,fear
22347,sad
22351,sad
22380,angry
22388,surprise
22395,fear
22424,fear
22459,fear
22466,surprise
22506,fear
22532,surprise
22545,neutral
22560,angry
22574,angry
22600,happy
22604,neutral
22612,happy
22614,angry
22671,fear
22679,happy
22711,happy
22750,sad
22754,sad
22763,sad
22778,neutral
22784,happy
22804,neutral
22805,fear
2282,happy
22834,happy
2284,fear
22863,happy
2287,neutral
22894,surprise
22900,sad
22910,neutral
2293,happy
22935,neutral
22991,happy
23028,angry
2305,happy
2307,angry
2308,sad
23096,neutral
23101,surprise
23114,neutral
23122,happy
23170,sad
23238,neutral
2324,happy
2327,sad
23293,sad
23319,fear
23320,fear
23321,fear
23334,sad
23377,angry
23380,happy
23381,neutral
23419,happy
23440,happy
23453,happy
23462,surprise
2350,fear
23501,neutral
23525,happy
23555,sad
23559,sad
23572,fear
23590,surprise
23612,angry
23621,fear
23664,angry
23667,sad
2374,happy
2377,happy
23770,sad
23786,happy
23801,happy
23813,sad
23848,surprise
23862,sad
23865,neutral
23866,happy
23891,surprise
23897,neutral
23920,happy
23933,surprise
23946,neutral
24027,happy
2403,surprise
24054,fear
24055,surprise
24077,neutral
24079,sad
24099,happy
2411,sad
24123,happy
24137,neutral
24148,angry
24161,angry
24189,neutral
24200,surprise
2421,neutral
24211,happy
24219,neutral
24224,sad
2424,happy
24241,happy
24259,fear
24263,happy
24286,angry
24289,fear
24292,happy
24297,fear
24299,angry
24340,angry
24354,happy
24355,happy
2436,surprise
24360,happy
24380,sad
24390,fear
24391,happy
24393,surprise
24395,neutral
24410,happy
24465,sad
24492,neutral
2450,angry
24509,angry
24521,neutral
24530,surprise
24535,angry
24536,happy
24570,happy
24607,happy
24633,fear
24652,neutral
24656,neutral
24680,sad
24692,surprise
24699,neutral
247,neutral
24718,happy
2472,sad
24731,angry
24747,fear
24764,neutral
24769,angry
24777,fear
24783,happy
24823,neutral
2483,neutral
24845,sad
24884,fear
24906,sad
24910,fear
2492,happy
24942,angry
24946,sad
25006,fear
25017,happy
25028,happy
25037,happy
25039,neutral
25048,angry
25058,neutral
25123,happy
25163,angry
25180,surprise
25186,angry
25199,sad
25223,happy
25271,sad
25275,sad
25287,sad
25322,neutral
25328,happy
25337,fear
25342,happy
25383,fear
25396,happy
25414,sad
25420,fear
25431,happy
25438,sad
25443,fear
25454,neutral
25472,angry
25517,sad
25533,surprise
2554,surprise
2556,happy
25578,fear
2559,sad
25602,happy
25604,neutral
25649,sad
25652,sad
25658,neutral
25686,happy
25705,fear
25714,happy
25719,surprise
25720,angry
25744,neutral
25747,happy
25759,fear
25775,fear
25809,sad
25839,neutral
25887,surprise
25902,surprise
25927,neutral
25937,surprise
25949,happy
25993,happy
26018,sad
2603,angry
26032,fear
26034,angry
26046,fear
26077,surprise
26098,sad
26107,fear
2611,angry
26159,sad
26160,happy
26169,happy
2620,angry
26212,sad
26224,sad
2629,neutral
26338,neutral
26370,happy
26397,angry
2640,neutral
26456,happy
26459,neutral
26468,neutral
26477,neutral
2649,angry
26511,angry
2655,surprise
26563,angry
26578,happy
26660,fear
26665,happy
26667,angry
26676,angry
26703,fear
26720,sad
26736,surprise
26775,angry
2678,neutral
26819,happy
26840,fear
26850,neutral
26873,sad
26888,happy
26891,sad
26906,surprise
26909,angry
26913,sad
26935,angry
26960,sad
26963,fear
26967,sad
26978,neutral
26981,angry
27048,angry
27051,happy
27105,sad
27106,fear
27128,happy
27140,surprise
27152,neutral
27162,neutral
27172,happy
27187,sad
27196,neutral
27197,neutral
27204,happy
27212,sad
27227,sad
27246,fear
27277,happy
27294,sad
2730,fear
27326,neutral
27333,happy
27334,neutral
27365,neutral
27367,angry
27404,sad
27407,happy
27426,surprise
27446,neutral
2745,fear
27452,happy
27474,surprise
27508,happy
2754,neutral
27554,fear
27563,sad
27575,neutral
27616,surprise
27619,surprise
27625,surprise
27636,sad
27645,sad
27647,surprise
27648,angry
27662,fear
27671,neutral
27675,sad
27701,angry
2771,angry
2774,surprise
27779,happy
27823,neutral
27854,sad
2790,happy
27928,surprise
27931,happy
27932,happy
27940,fear
27944,fear
27949,happy
2796,neutral
28040,happy
28046,sad
2805,angry
2806,happy
2810,happy
28105,happy
28108,angry
28115,surprise
28138,sad
28140,fear
2816,fear
2820,angry
28249,happy
28256,sad
28264,happy
28273,happy
28282,happy
28367,angry
28376,sad
28379,happy
28383,neutral
28415,happy
28474,happy
28502,fear
28522,fear
28529,angry
2857,happy
28581,sad
28590,happy
28594,angry
28600,happy
2861,surprise
28632,sad
2867,happy
28676,happy
28688,happy
28772,surprise
28797,sad
28807,surprise
28814,happy
2885,sad
28871,angry
28897,happy
28928,surprise
28934,happy
28938,angry
28949,angry
28954,fear
28955,neutral
28962,fear
28963,neutral
28982,happy
29003,angry
29019,sad
29020,neutral
29067,happy
29071,surprise
29074,neutral
29111,happy
29123,neutral
2913,happy
29185,sad
29211,happy
29214,sad
29248,happy
29258,happy
29290,happy
2930,sad
29300,happy
29329,angry
29365,sad
29370,sad
2938,angry
29398,angry
29415,surprise
29423,surprise
29456,angry
29460,neutral
29464,neutral
29467,fear
29475,happy
2948,happy
29504,fear
29555,angry
29578,surprise
29589,fear
29645,happy
29647,happy
29648,fear
29649,surprise
2965,happy
29680,happy
29697,sad
29699,sad
29707,surprise
29724,happy
29766,happy
29769,sad
29773,fear
29821,happy
29834,happy
29844,sad
2985,happy
29889,happy
29919,angry
29979,fear
29981,fear
29987,happy
29991,happy
30,fear
30006,fear
30016,neutral
30069,surprise
30099,happy
3010,neutral
30102,happy
30114,happy
30119,sad
30127,happy
30143,neutral
3016,sad
30164,happy
30188,sad
30193,sad
30216,fear
3022,happy
30221,angry
3024,angry
30241,neutral
30245,angry
3029,happy
30297,fear
30328,happy
30332,angry
30337,happy
30338,neutral
30341,angry
30400,happy
30407,neutral
30424,neutral
30478,sad
30585,sad
30646,neutral
30651,neutral
30652,happy
30661,happy
30675,happy
30683,neutral
30689,happy
3069,neutral
30704,sad
30728,happy
30737,surprise
30738,surprise
30749,happy
3077,happy
30772,sad
30779,surprise
30793,fear
30808,neutral
30820,angry
30822,sad
30823,happy
30825,happy
3083,happy
30830,neutral
30835,happy
30851,happy
30855,happy
30856,neutral
3086,surprise
30871,happy
30893,surprise
30909,angry
30948,surprise
30951,sad
30961,sad
30962,surprise
30965,sad
30981,happy
31010,surprise
31029,surprise
31043,fear
31056,angry
3106,neutral
31080,neutral
31101,angry
31112,fear
31137,neutral
31140,sad
31141,fear
31145,angry
3117,neutral
3120,sad
31209,neutral
31239,neutral
31285,fear
31295,surprise
3131,surprise
31316,sad
3132,angry
31366,fear
3138,happy
31384,fear
3144,angry
31440,fear
3146,surprise
31542,happy
31551,neutral
31571,fear
31572,happy
3162,happy
31627,sad
31629,surprise
31659,surprise
31697,happy
31742,sad
31752,angry
31806,neutral
31811,sad
3182,sad
31833,neutral
31853,surprise
31858,surprise
31870,surprise
31897,fear
31908,happy
31929,fear
31952,angry
31977,happy
31987,angry
32046,happy
32047,surprise
32048,fear
32051,surprise
3209,surprise
32142,sad
32144,happy
3215,happy
32177,neutral
32248,neutral
32344,surprise
32354,happy
32372,fear
32377,happy
32382,fear
32388,angry
32402,happy
32439,happy
3245,happy
325,happy
3250,fear
32541,angry
32544,fear
32568,angry
32570,sad
32574,sad
32595,sad
3260,sad
32607,angry
32614,happy
32624,surprise
32627,neutral
32684,surprise
32725,surprise
32763,angry
32769,surprise
32773,neutral
3278,happy
32796,angry
32826,happy
32835,surprise
32837,happy
32838,neutral
32849,happy
32913,happy
32917,sad
32950,angry
32952,sad
32953,neutral
32958,sad
32973,fear
32993,happy
32997,sad
32998,surprise
33016,neutral
33017,fear
33024,neutral
33046,fear
33065,happy
33066,surprise
33071,fear
33084,sad
33091,happy
33094,neutral
331,neutral
3313,happy
33144,neutral
33174,happy
33175,happy
3318,sad
33188,happy
33212,surprise
33216,angry
33228,surprise
33231,surprise
33240,angry
33268,neutral
33283,fear
333,happy
33319,angry
33320,sad
33322,happy
33326,happy
33343,neutral
33357,sad
33366,fear
33375,happy
33407,fear
33423,fear
33455,surprise
33460,angry
33463,fear
33518,fear
33525,sad
33530,angry
33533,happy
33544,neutral
33564,neutral
33610,neutral
33648,fear
33660,fear
33675,happy
33690,angry
33727,happy
33757,happy
33762,angry
33802,surprise
33807,neutral
33842,neutral
33853,neutral
33874,neutral
33915,fear
33917,angry
33933,neutral
33938,neutral
33981,sad
34015,happy
34049,fear
34057,surprise
34098,happy
3410,happy
34102,happy
3411,neutral
34119,surprise
34129,fear
3414,happy
34170,surprise
34219,happy
3422,neutral
34226,angry
34234,happy
34244,surprise
34257,happy
34295,neutral
34302,fear
3431,neutral
34316,surprise
34361,surprise
34375,neutral
34386,neutral
34397,angry
34412,surprise
34435,angry
34437,fear
34464,fear
34468,neutral
3447,happy
34471,sad
34483,sad
34498,sad
34510,happy
3452,angry
34567,happy
34569,angry
34585,happy
34599,sad
34600,sad
34644,happy
34645,happy
34649,happy
3465,neutral
34688,neutral
34720,neutral
34724,sad
34737,neutral
34753,angry
34756,sad
34759,happy
34761,angry
34768,happy
34772,surprise
34829,fear
34836,happy
34840,happy
34841,neutral
34861,fear
34941,angry
34965,sad
34969,happy
34978,surprise
35101,sad
35117,happy
35142,neutral
35153,happy
35163,happy
35177,neutral
35199,happy
35200,happy
35209,happy
35226,happy
35291,happy
35321,angry
35341,happy
35346,angry
35364,angry
35369,angry
35370,neutral
35372,happy
3538,surprise
3543,angry
35454,sad
35481,fear
35497,angry
35520,neutral
35536,happy
35547,fear
35552,happy
35559,surprise
35582,surprise
35598,happy
356,happy
35603,neutral
35659,sad
35664,neutral
35677,neutral
35685,surprise
35698,sad
3570,angry
35707,angry
35721,happy
35724,happy
3574,neutral
35767,angry
35771,happy
35787,sad
35792,sad
35794,neutral
35804,happy
35850,happy
35856,happy
35860,angry
35869,neutral
3590,angry
3647,happy
366,happy
3662,angry
3663,angry
370,happy
3755,neutral
3763,happy
3766,neutral
3772,neutral
3811,surprise
3818,fear
3842,neutral
3875,surprise
3891,sad
3906,happy
3958,fear
3959,sad
3969,happy
3977,angry
3978,happy
3982,sad
4029,happy
4041,fear
4084,neutral
4090,happy
4094,neutral
41,happy
4107,happy
4114,angry
4133,happy
4156,angry
4159,happy
4165,sad
4169,angry
4174,neutral
4182,neutral
4185,sad
4226,happy
4248,fear
4264,fear
4269,fear
4284,happy
4295,happy
4345,sad
4363,fear
4366,happy
440,sad
4433,neutral
446,surprise
4480,neutral
4485,happy
4492,neutral
4506,happy
4526,neutral
4549,surprise
4558,happy
4576,sad
4580,surprise
4589,happy
4606,happy
4607,neutral
4620,sad
4634,happy
4640,surprise
4649,happy
4653,surprise
4666,happy
478,surprise
4786,happy
4791,neutral
4797,sad
4803,sad
4814,sad
4827,happy
4832,angry
4849,happy
485,sad
487,surprise
4910,happy
4948,happy
4980,fear
4988,sad
4996,sad
5006,angry
5008,neutral
5048,happy
5062,sad
5089,sad
5102,fear
5127,neutral
5154,neutral
5176,angry
5209,happy
5264,angry
5269,neutral
527,happy
5278,happy
5279,surprise
5289,sad
5293,sad
5303,fear
531,surprise
5318,neutral
5340,sad
5356,sad
5417,happy
5445,surprise
5452,sad
5468,happy
5477,fear
5490,sad
5493,happy
5523,sad
553,sad
5548,happy
5558,neutral
5594,sad
5618,happy
5674,angry
568,fear
5694,neutral
5705,sad
5714,happy
5719,surprise
5753,happy
5766,angry
5783,fear
5797,happy
5800,happy
5807,sad
5812,surprise
5835,happy
5857,sad
5891,sad
5904,happy
5919,angry
594,sad
5942,happy
5954,happy
5968,fear
5977,happy
5988,happy
6029,angry
6045,sad
6052,happy
6095,surprise
6110,fear
6123,surprise
613,happy
6136,happy
6169,surprise
6175,angry
6183,fear
62,fear
620,happy
6206,neutral
6217,angry
6246,fear
6272,happy
628,angry
629,happy
6368,happy
6378,sad
639,fear
6394,happy
6403,happy
6416,happy
6444,neutral
6457,fear
6473,neutral
6500,angry
6522,angry
6532,happy
655,happy
657,neutral
6577,sad
659,surprise
6603,happy
6616,happy
6677,neutral
6686,happy
6689,sad
6691,happy
6700,sad
6703,sad
674,fear
6744,neutral
6759,neutral
6776,neutral
6784,happy
6792,surprise
681,angry
6811,surprise
6818,neutral
6865,surprise
690,happy
6914,happy
6928,happy
693,happy
6935,happy
6977,fear
6989,happy
7017,surprise
7020,sad
7026,happy
7029,neutral
7065,happy
7080,happy
7100,neutral
7116,happy
7159,sad
7162,happy
7191,happy
7200,surprise
721,happy
7244,neutral
7245,angry
7292,surprise
7299,surprise
7333,happy
7335,happy
7366,sad
7379,happy
738,angry
7392,happy
7413,angry
7425,happy
7441,surprise
7511,sad
7531,neutral
7532,angry
7537,happy
7548,surprise
7561,surprise
7590,happy
7603,surprise
7659,sad
7664,neutral
7672,happy
7674,sad
7680,surprise
7700,happy
7702,happy
7712,happy
7713,fear
7737,fear
774,fear
7753,happy
7762,fear
7804,happy
7813,sad
7815,neutral
7827,fear
7845,happy
7881,fear
7892,happy
7905,happy
7916,fear
7948,angry
7975,sad
7986,angry
8,neutral
80,sad
8020,surprise
8027,happy
8034,sad
8049,neutral
8065,angry
8082,neutral
8086,happy
8089,fear
817,happy
8188,neutral
8228,sad
8268,fear
8276,neutral
8284,neutral
8293,happy
8301,angry
8303,neutral
8316,sad
8322,happy
8331,happy
8334,surprise
8338,happy
8355,surprise
8424,surprise
8434,surprise
8449,sad
8457,happy
8473,sad
8539,surprise
8548,sad
8559,angry
856,angry
8649,surprise
8657,neutral
8662,happy
8677,happy
8682,happy
8691,happy
8704,fear
873,happy
8753,happy
8756,sad
8762,happy
880,sad
8820,angry
8861,happy
8864,angry
8886,surprise
8915,sad
8940,happy
895,happy
8960,fear
897,neutral
898,neutral
8993,sad
9005,surprise
906,angry
9060,happy
9070,happy
9071,fear
9085,happy
9094,fear
9147,fear
915,neutral
9152,surprise
9167,happy
9174,neutral
9180,happy
9202,surprise
9206,neutral
9222,fear
9246,angry
9272,angry
9286,fear
9371,surprise
9392,surprise
9412,happy
9416,happy
942,neutral
9437,angry
9442,surprise
9476,sad
9486,happy
951,surprise
9538,happy
9542,fear
9570,neutral
9571,happy
9598,neutral
9599,fear
9605,happy
9640,neutral
9687,fear
973,fear
9774,sad
9800,happy
9833,happy
9845,angry
9865,happy
9890,neutral
9893,surprise
9897,sad
9901,neutral
9933,happy
9977,happy
9979,happy
9984,happy
10033,neutral
10048,angry
10068,happy
10117,happy
10118,fear
10134,happy
10150,sad
10247,happy
10266,neutral
10346,surprise
10406,angry
1045,neutral
10512,sad
10518,happy
10533,sad
10535,happy
10549,angry
10624,neutral
10634,neutral
10653,angry
10676,happy
10693,neutral
10715,happy
10741,fear
10774,happy
10787,angry
10902,angry
10906,fear
10916,fear
10926,surprise
1093,happy
1094,neutral
1101,fear
11022,fear
11032,angry
11034,angry
11038,happy
11055,surprise
11065,happy
11098,angry
11108,surprise
11130,angry
11168,happy
11180,angry
112,angry
11213,angry
11218,sad
11233,neutral
11251,neutral
1126,happy
11269,sad
11277,surprise
11278,sad
11317,happy
11358,angry
11390,fear
11395,fear
1142,neutral
11448,surprise
11462,neutral
11491,fear
11518,sad
11560,happy
11603,sad
11654,sad
11660,fear
11686,happy
11689,happy
11725,happy
11738,fear
11783,happy
11818,happy
11823,happy
11834,surprise
11872,angry
11875,neutral
11889,fear
1189,happy
11913,neutral
11928,angry
11977,surprise
12042,surprise
1206,fear
12090,sad
12096,fear
12100,surprise
12106,surprise
12116,sad
12117,sad
12162,surprise
12173,angry
1220,sad
12202,happy
12215,happy
1222,surprise
1227,happy
12272,angry
12289,sad
12319,fear
12361,neutral
12363,sad
12366,happy
12407,happy
12423,surprise
1248,surprise
12500,neutral
12508,sad
12519,neutral
12569,sad
12647,surprise
12801,neutral
12852,surprise
12869,surprise
12879,neutral
12885,sad
12933,sad
12976,surprise
1300,surprise
13047,surprise
1313,surprise
13161,sad
13164,fear
13188,sad
13212,happy
13237,surprise
13242,happy
1328,sad
13337,happy
1336,neutral
1339,angry
13409,fear
13411,angry
13424,fear
13430,neutral
13433,sad
13441,happy
13467,sad
13498,happy
135,happy
13531,neutral
13586,happy
13603,angry
13619,happy
13633,happy
13644,happy
13653,neutral
13670,happy
13692,happy
13695,angry
13800,happy
13808,neutral
13825,happy
13834,happy
13843,surprise
13897,happy
13909,surprise
14047,angry
1407,surprise
1411,surprise
14113,happy
14135,sad
14154,happy
14170,happy
14174,angry
14175,sad
14187,sad
14190,fear
14224,surprise
14342,neutral
14352,neutral
14362,surprise
14406,neutral
14436,fear
14481,surprise
14487,neutral
14495,happy
14496,sad
14513,surprise
14542,neutral
14550,angry
14564,sad
14641,surprise
14645,neutral
14671,sad
14703,fear
14717,happy
14741,disgust
14859,happy
14867,happy
14929,sad
1493,neutral
14957,sad
14980,happy
15007,happy
15013,angry
15044,angry
15070,sad
15102,fear
15106,angry
15120,happy
15121,fear
15132,happy
15168,angry
15193,sad
15207,surprise
15210,happy
15220,angry
15248,happy
15293,sad
15333,happy
15334,neutral
15350,angry
15366,happy
15387,happy
15405,surprise
15441,happy
15445,sad
15459,happy
15529,neutral
15536,happy
15568,sad
15570,neutral
15611,happy
15634,happy
15638,sad
15651,fear
15686,fear
15713,happy
15716,fear
15717,surprise
1572,angry
15721,angry
15824,happy
15847,angry
15890,neutral
15904,happy
15932,neutral
15963,sad
16019,neutral
16094,surprise
16101,happy
16143,neutral
16196,surprise
16257,happy
16324,neutral
16329,happy
16350,surprise
16363,happy
16389,happy
16419,fear
16463,happy
16464,angry
16476,fear
16478,neutral
16508,surprise
1656,neutral
16569,fear
16570,fear
16575,happy
16685,happy
1669,happy
16696,sad
16714,angry
1675,surprise
16817,angry
16823,fear
1683,happy
16845,angry
1685,sad
16860,fear
1688,sad
16890,surprise
16964,surprise
16969,surprise
16989,sad
17015,fear
17018,angry
17028,sad
17131,happy
1716,sad
17163,fear
17212,happy
17231,happy
17251,angry
17267,sad
17273,angry
17276,sad
17295,surprise
17318,fear
17345,neutral
17359,neutral
1737,happy
1738,angry
17417,sad
17424,surprise
17538,sad
17555,happy
17563,happy
17582,happy
1759,happy
17598,angry
17695,neutral
17702,happy
17790,happy
17815,happy
17837,sad
1785,happy
17886,neutral
17973,neutral
17980,angry
18035,angry
18130,happy
18168,happy
18181,neutral
1819,happy
18208,neutral
18223,sad
18281,neutral
18288,sad
1830,happy
18301,surprise
18312,happy
18321,angry
18339,fear
1835,happy
18388,happy
18389,neutral
18431,surprise
18469,neutral
18497,angry
18545,neutral
18554,fear
18658,fear
18687,happy
18703,angry
18708,sad
18725,surprise
1874,surprise
18778,happy
18791,surprise
18803,sad
18825,angry
18909,happy
1892,fear
18926,neutral
1897,happy
18973,surprise
18986,sad
19009,surprise
19131,neutral
19181,angry
19204,happy
19214,angry
19234,angry
19259,sad
19329,angry
19340,happy
19373,angry
19390,neutral
19411,surprise
19435,happy
19495,sad
19533,surprise
19549,surprise
19571,surprise
19581,angry
19590,fear
19591,fear
19609,neutral
19615,happy
19643,sad
1972,happy
19793,happy
19797,happy
19829,fear
19855,angry
19863,fear
1988,fear
19953,happy
19983,fear
19993,happy
20008,happy
20019,fear
20028,surprise
20036,angry
201,happy
20150,happy
20157,happy
2019,happy
20223,sad
20257,angry
20272,happy
20274,surprise
20289,surprise
20360,surprise
20372,happy
20416,angry
20432,angry
2044,sad
20514,neutral
20517,sad
2053,angry
20549,happy
20588,angry
20603,sad
20621,happy
20665,happy
20670,surprise
2068,surprise
20680,happy
20737,happy
20814,surprise
20833,surprise
20856,neutral
20875,surprise
20892,angry
20893,sad
20933,happy
20948,happy
21025,neutral
21030,neutral
21092,sad
21104,fear
21150,happy
21166,happy
21167,angry
21199,angry
21210,angry
21265,happy
21311,sad
21314,surprise
2133,fear
21337,happy
21351,neutral
21377,neutral
21386,neutral
21393,neutral
21404,neutral
21451,happy
21455,sad
21470,angry
21475,surprise
2149,surprise
21557,angry
2156,sad
21589,neutral
21638,neutral
21658,happy
21663,fear
21695,happy
217,sad
2172,sad
21730,neutral
21752,happy
21794,surprise
21812,neutral
21817,happy
21822,happy
21852,sad
21862,happy
21880,fear
21962,happy
21971,surprise
22023,neutral
22028,angry
2207,angry
22088,happy
22091,happy
22095,happy
22123,surprise
2216,angry
2223,sad
22267,sad
2227,sad
22292,sad
22325,neutral
22336,sad
22354,happy
22357,sad
22403,neutral
22410,sad
22442,sad
22457,angry
22482,angry
22508,fear
22517,happy
22571,happy
22576,happy
22587,sad
22617,happy
22627,happy
22655,happy
22688,sad
22691,sad
22720,happy
2273,sad
22774,neutral
22787,happy
2279,angry
22820,sad
22867,neutral
22886,angry
22916,surprise
22924,happy
22974,happy
22987,surprise
22992,happy
23012,surprise
2303,angry
23039,happy
23057,fear
23103,sad
23119,angry
23167,happy
23172,angry
23186,happy
23204,happy
23216,happy
23224,fear
23244,happy
23272,happy
23291,happy
23343,surprise
23348,sad
23396,happy
23457,sad
23470,surprise
23487,sad
23565,happy
23609,neutral
23623,sad
23634,neutral
23666,happy
23691,sad
23722,sad
23725,happy
23741,neutral
23794,happy
23858,sad
23869,happy
23929,neutral
24003,surprise
24051,happy
24065,happy
24101,happy
24104,happy
24105,neutral
24156,angry
24175,sad
24182,sad
24187,angry
24232,surprise
2427,sad
24347,angry
24358,happy
2443,angry
24443,sad
24531,angry
24573,angry
24575,happy
2458,happy
24725,sad
24768,happy
24774,neutral
24779,neutral
24785,happy
24798,angry
24815,fear
24820,fear
24877,happy
24912,neutral
24931,sad
24962,sad
24964,happy
25007,neutral
25018,neutral
25021,happy
25078,surprise
25089,neutral
25099,sad
2510,happy
25151,angry
25295,neutral
25318,neutral
2535,fear
25372,happy
25391,fear
25401,neutral
25409,fear
25451,neutral
25497,happy
25507,surprise
25520,angry
25537,sad
25573,angry
25593,surprise
25615,surprise
25627,surprise
25635,neutral
2564,happy
25668,happy
25678,happy
25682,happy
25685,happy
25695,happy
25701,happy
25723,angry
25743,angry
25773,neutral
25797,surprise
25800,disgust
25810,surprise
25818,neutral
25841,angry
2588,happy
25895,surprise
25915,happy
25919,sad
25969,happy
25978,neutral
25979,happy
25994,sad
26016,happy
26023,happy
26041,neutral
26049,sad
26056,happy
26067,neutral
26069,neutral
26081,surprise
2613,sad
26134,fear
26161,happy
26187,happy
26190,happy
26192,happy
26200,happy
26209,happy
26223,surprise
26227,happy
26237,sad
26318,happy
26364,sad
26411,neutral
26453,neutral
26464,happy
26495,angry
26539,neutral
26647,happy
26654,angry
26682,surprise
26715,angry
26767,neutral
2677,happy
26771,sad
26833,surprise
26839,neutral
26851,surprise
26892,happy
26901,happy
26961,happy
2699,fear
2710,happy
27115,sad
27190,sad
27218,sad
27229,surprise
2727,sad
27299,surprise
273,neutral
27306,neutral
27329,happy
27405,sad
27465,happy
2747,sad
2750,neutral
2753,happy
27533,surprise
27594,happy
27597,neutral
2761,happy
27642,fear
27646,happy
27650,happy
27683,neutral
27692,neutral
27752,surprise
27767,angry
27864,angry
2792,surprise
27985,neutral
27995,angry
28005,happy
28007,happy
28014,happy
28025,surprise
28084,fear
28153,happy
28235,sad
28251,sad
28269,happy
28278,fear
2829,sad
28298,happy
28359,happy
28471,surprise
28478,sad
28480,sad
28493,sad
28499,fear
28507,surprise
28517,sad
28531,happy
28535,fear
28539,fear
28546,neutral
28549,surprise
28642,surprise
28681,fear
2871,happy
28723,angry
28769,surprise
28782,happy
28836,angry
28842,surprise
28846,neutral
28854,angry
28951,happy
29009,happy
2901,neutral
29099,neutral
29129,angry
2914,neutral
29216,sad
29246,happy
29256,sad
29311,happy
29324,sad
29388,happy
29403,happy
29428,happy
29438,neutral
29484,neutral
29500,angry
29505,sad
29525,angry
2953,neutral
29556,surprise
29559,surprise
2957,surprise
29608,happy
29609,neutral
2962,angry
29637,neutral
29664,neutral
29694,surprise
29758,happy
2978,happy
29794,angry
2984,fear
29840,happy
29848,happy
29893,surprise
29916,sad
29921,fear
29944,happy
2995,happy
2998,happy
30053,happy
30121,happy
30167,surprise
30197,angry
30220,sad
30345,angry
30346,fear
30371,surprise
30374,angry
30422,happy
3050,happy
3051,surprise
30530,neutral
30543,angry
30546,happy
30581,sad
30713,angry
30786,happy
30850,happy
30976,surprise
31057,surprise
31123,surprise
31132,happy
31139,happy
3115,surprise
31164,happy
31189,happy
3123,fear
31240,surprise
31257,happy
31263,surprise
31307,neutral
31332,neutral
31347,sad
31371,happy
31373,fear
31478,sad
31483,fear
31486,surprise
31546,angry
31561,happy
31591,angry
31713,angry
3174,disgust
31774,neutral
31820,surprise
31869,sad
3191,surprise
31949,disgust
31997,sad
3204,sad
32071,sad
32081,happy
3221,happy
32216,neutral
32321,angry
32330,surprise
32355,surprise
32360,fear
32371,surprise
32391,surprise
32443,surprise
32445,happy
32467,happy
3247,surprise
32479,angry
32508,neutral
32516,fear
32547,surprise
32587,fear
32605,neutral
32636,neutral
32671,angry
32683,happy
32730,happy
3276,sad
32778,happy
32782,angry
32792,fear
32817,happy
32855,sad
32870,surprise
32905,happy
32914,surprise
32935,angry
32939,angry
32965,surprise
32972,happy
32978,angry
33005,fear
33013,happy
33022,fear
33031,fear
33049,angry
33052,surprise
33100,happy
33124,surprise
33159,surprise
33182,surprise
33219,sad
33243,surprise
33255,neutral
33317,happy
33346,angry
33381,happy
33399,neutral
33452,sad
33468,angry
33471,angry
33514,sad
33526,happy
33609,happy
33642,happy
33699,happy
33710,angry
3375,surprise
33785,surprise
33794,neutral
33813,neutral
33819,neutral
33856,fear
33858,fear
33863,neutral
33865,surprise
33870,sad
33880,happy
33894,happy
3395,neutral
33965,surprise
33999,neutral
34037,fear
3404,neutral
34059,happy
34088,surprise
34093,angry
34131,sad
34161,sad
34269,sad
34272,sad
34279,happy
34308,happy
34324,surprise
34335,angry
34513,sad
34526,happy
34530,neutral
34539,angry
34555,sad
34598,angry
34612,surprise
34673,neutral
34685,angry
34854,fear
34870,neutral
34875,fear
34920,surprise
34979,angry
3502,sad
35034,surprise
35075,angry
35108,surprise
35129,neutral
35183,neutral
35216,fear
35229,angry
35241,happy
35255,neutral
35267,happy
35332,neutral
3535,fear
35356,surprise
3537,fear
35400,sad
35408,surprise
35484,fear
35546,happy
35576,happy
35628,happy
35657,neutral
3566,sad
35704,surprise
3575,surprise
35754,surprise
35755,surprise
35764,sad
35775,surprise
35802,sad
35852,happy
3600,neutral
3610,sad
3700,neutral
3729,sad
3792,neutral
3795,neutral
3899,surprise
3909,happy
3929,sad
3932,sad
3953,neutral
3986,angry
405,sad
4062,sad
4124,surprise
4137,happy
4194,happy
4223,angry
4242,angry
4314,sad
4328,surprise
4339,sad
4372,neutral
4380,surprise
4394,happy
44,happy
4443,surprise
4449,fear
449,sad
4552,happy
4553,surprise
4563,angry
4573,happy
4574,angry
4672,angry
4748,sad
4752,happy
4770,angry
4777,happy
4802,happy
4825,angry
4829,sad
4868,fear
4870,happy
4883,fear
4888,sad
4935,angry
4953,sad
4998,happy
5046,sad
5053,surprise
5073,happy
508,neutral
5087,neutral
5110,neutral
5116,happy
5170,sad
5186,happy
5258,fear
5267,angry
5323,surprise
5345,sad
5361,neutral
5385,surprise
541,sad
542,happy
5444,surprise
5446,happy
5449,surprise
547,sad
551,surprise
5527,angry
5536,surprise
5549,fear
5561,happy
5591,happy
5651,sad
5687,angry
5695,happy
5708,happy
5713,angry
5715,happy
5724,happy
5748,neutral
5749,neutral
5784,happy
5792,fear
5811,sad
5831,neutral
584,angry
5853,happy
5865,angry
5912,happy
5931,happy
5953,sad
596,happy
5976,sad
5984,happy
60,neutral
601,happy
6078,neutral
6103,neutral
615,sad
6158,happy
6180,angry
6193,fear
6236,happy
6343,neutral
6351,sad
6388,surprise
6397,happy
6412,happy
644,happy
649,angry
6502,happy
651,happy
6527,neutral
6599,surprise
662,neutral
6664,fear
6710,happy
673,happy
6813,happy
6836,sad
6842,happy
6869,happy
6891,fear
6934,fear
7008,surprise
7009,happy
7077,happy
7092,surprise
7110,sad
7131,happy
7198,neutral
7220,happy
7239,happy
7254,surprise
7273,happy
7274,happy
7348,happy
7361,sad
7376,fear
7398,happy
7462,happy
7466,happy
7490,fear
7551,fear
7571,fear
7588,happy
7599,neutral
7630,sad
766,fear
767,surprise
7717,happy
7755,angry
7765,happy
7772,neutral
7773,angry
7788,happy
7823,sad
7831,happy
7871,happy
7903,fear
7932,happy
7953,happy
8003,angry
8054,surprise
8076,happy
8083,angry
8105,surprise
8141,happy
8179,surprise
8211,fear
8216,sad
8233,happy
8247,happy
8262,angry
8264,surprise
8280,neutral
8295,happy
8347,neutral
8352,happy
8373,happy
838,fear
8389,happy
8392,sad
841,angry
8410,fear
8471,happy
8483,happy
8498,happy
8516,fear
8536,happy
855,happy
8599,happy
8687,happy
8694,sad
8724,surprise
8763,happy
8768,fear
8782,surprise
8788,angry
8802,fear
8842,happy
8862,happy
8863,angry
8868,happy
8880,surprise
891,sad
8919,happy
8946,happy
8976,happy
8980,surprise
9011,surprise
9016,fear
9046,sad
9050,happy
9069,happy
9099,fear
9128,happy
913,fear
9149,surprise
917,happy
9170,fear
9209,sad
9221,happy
9235,angry
9252,surprise
9273,happy
9276,sad
9288,neutral
9292,happy
9324,happy
9335,angry
9355,surprise
9356,surprise
9360,sad
9381,happy
9415,surprise
9420,sad
9434,surprise
9453,neutral
9473,happy
9477,angry
9507,happy
9543,happy
9611,angry
9701,neutral
9712,neutral
9718,angry
9773,neutral
9803,angry
9838,sad
9867,happy
9874,fear
9936,fear
9975,happy
9982,neutral
9993,angry
10004,happy
1003,sad
10031,neutral
10073,surprise
10114,surprise
10116,fear
10171,fear
10172,sad
10176,disgust
1022,happy
10252,neutral
1026,fear
10339,surprise
10352,neutral
10375,neutral
10383,happy
10386,surprise
10423,sad
10425,fear
10455,fear
10561,angry
10607,happy
10620,happy
10655,fear
10686,angry
10694,sad
10713,surprise
10769,neutral
1078,fear
10871,neutral
10881,happy
10919,surprise
11025,sad
11026,happy
11031,neutral
11100,sad
11138,surprise
11140,angry
11163,sad
11192,neutral
11209,neutral
11234,happy
11241,angry
11264,happy
11280,surprise
11284,happy
11295,neutral
11316,happy
11346,neutral
11398,fear
1148,neutral
115,surprise
11523,sad
1156,happy
11581,angry
11582,surprise
11601,neutral
11626,happy
11640,sad
11662,happy
11722,sad
1173,neutral
11746,angry
11790,fear
11794,angry
11836,sad
11867,angry
11876,neutral
11880,happy
11891,happy
11909,sad
11966,neutral
11978,neutral
1198,neutral
12040,neutral
12074,neutral
12092,happy
12113,surprise
12119,neutral
12190,sad
12246,sad
12267,fear
12318,neutral
12364,happy
12498,fear
12512,surprise
12524,fear
12547,angry
12591,happy
12594,happy
12621,angry
1264,neutral
12648,happy
12659,happy
12661,fear
12702,fear
12758,fear
12791,happy
12818,happy
12827,happy
12899,fear
12958,surprise
1298,neutral
13000,surprise
13027,angry
13051,happy
13091,neutral
13150,angry
13162,happy
13180,fear
13187,surprise
13293,fear
13296,happy
13339,surprise
13380,fear
13421,neutral
13483,surprise
13488,neutral
13505,surprise
13510,happy
1353,happy
13562,neutral
13575,neutral
13598,sad
13631,surprise
1364,angry
13666,neutral
13714,fear
13726,neutral
13793,fear
13801,happy
13812,happy
13852,angry
13870,sad
13888,happy
13907,sad
13940,neutral
13979,happy
13983,surprise
14048,happy
14070,sad
14106,happy
14122,happy
14127,surprise
14136,surprise
1420,happy
14208,angry
14226,happy
14250,neutral
14346,surprise
14384,fear
14388,happy
14459,happy
14464,fear
14472,angry
14474,sad
14484,fear
14494,angry
14505,happy
14522,happy
14524,happy
14561,happy
14572,surprise
14574,neutral
14578,surprise
14682,surprise
14696,neutral
14729,happy
1482,sad
14835,neutral
14836,happy
15052,sad
15078,happy
15090,neutral
15129,sad
15145,sad
15167,fear
15169,happy
15192,neutral
15208,neutral
15289,happy
15294,happy
1536,sad
15365,fear
15373,neutral
15436,neutral
15447,fear
15462,neutral
15468,happy
15484,happy
1549,angry
15534,neutral
15535,fear
15565,sad
15580,happy
15592,fear
1560,sad
15613,happy
15642,surprise
15657,sad
15696,happy
15697,sad
15795,sad
15867,happy
15909,neutral
15929,fear
16003,sad
16010,happy
16053,fear
16056,sad
16075,surprise
16087,sad
16125,happy
16151,angry
16208,happy
16304,sad
16338,fear
16387,neutral
16388,sad
16405,happy
16443,angry
1645,happy
16475,angry
16535,sad
16558,fear
16645,neutral
16706,angry
16710,happy
16776,happy
1678,sad
16787,happy
16798,angry
16821,neutral
16837,angry
16839,surprise
16863,sad
16895,neutral
16938,surprise
16962,happy
16985,angry
17003,angry
17011,sad
17100,angry
17128,sad
172,sad
17206,happy
17215,happy
17237,neutral
17248,happy
17257,neutral
17275,fear
17279,angry
17293,fear
17297,fear
17331,happy
17341,happy
17363,happy
17426,happy
17432,happy
1751,fear
17518,surprise
17597,angry
17607,fear
17625,happy
17662,fear
17666,sad
17678,neutral
17713,angry
17717,angry
1772,fear
17730,neutral
17746,happy
17763,fear
17767,happy
17775,sad
1778,happy
17784,happy
17794,surprise
17887,happy
17912,happy
18047,happy
18067,sad
18101,happy
18120,happy
18180,angry
18193,fear
18260,fear
18270,surprise
18300,happy
18345,surprise
18349,sad
18361,sad
18367,angry
18381,angry
18457,happy
18475,happy
1854,surprise
18550,neutral
18573,happy
18610,fear
18732,neutral
18734,neutral
18842,surprise
18855,angry
18872,surprise
18888,angry
18897,sad
1891,sad
18914,angry
18927,sad
1896,surprise
18962,happy
19029,fear
19049,happy
19082,fear
19084,neutral
19095,happy
19145,neutral
19165,neutral
19179,surprise
1926,happy
19274,surprise
19285,sad
19303,fear
1931,sad
19364,angry
1937,neutral
19384,neutral
19422,fear
19461,angry
19470,surprise
19486,angry
19531,sad
19535,fear
19578,sad
19607,surprise
19663,angry
19674,sad
1973,sad
19731,surprise
19785,neutral
19799,sad
19861,surprise
19864,neutral
19880,sad
19893,angry
19934,sad
19969,happy
19973,surprise
19975,fear
20,sad
20072,neutral
20073,sad
20104,happy
20171,sad
20192,sad
20193,happy
20217,surprise
20301,fear
20313,happy
2039,surprise
20395,neutral
20400,angry
20468,happy
20469,angry
20511,sad
20560,sad
20563,sad
20589,surprise
20650,happy
20656,happy
20667,surprise
20750,fear
2084,fear
20908,happy
2091,fear
20964,angry
20979,surprise
21005,neutral
21029,happy
21036,surprise
21078,neutral
21082,neutral
21201,surprise
21221,surprise
21249,surprise
21275,neutral
21282,happy
21312,happy
21324,sad
21428,fear
21434,happy
21531,surprise
21535,angry
21549,happy
2157,neutral
21632,sad
21666,happy
21681,sad
21715,neutral
21720,happy
2176,neutral
21766,sad
21769,happy
21968,neutral
21978,surprise
21988,neutral
22004,sad
22032,happy
22051,happy
22067,sad
22117,sad
22241,happy
22255,happy
22271,sad
22319,fear
22335,surprise
2238,surprise
2239,sad
22390,surprise
22416,happy
22419,neutral
22448,neutral
22449,angry
22452,neutral
22521,neutral
2256,neutral
22602,sad
22619,fear
22631,happy
22651,sad
22690,sad
22704,fear
22761,happy
22765,neutral
22766,happy
2278,surprise
22808,happy
22816,surprise
22937,angry
22961,happy
22977,surprise
22989,neutral
23054,surprise
23060,neutral
231,sad
2312,neutral
23220,happy
23297,fear
23304,happy
23341,fear
23374,neutral
23407,angry
23430,sad
23452,happy
23471,surprise
23483,happy
23507,happy
23542,happy
23549,neutral
23562,neutral
23584,surprise
23601,happy
23654,angry
23658,neutral
2367,sad
23675,happy
23700,angry
23715,sad
23748,sad
23760,happy
23764,happy
23779,neutral
23781,happy
23792,surprise
23817,angry
23829,surprise
23832,neutral
23853,surprise
23884,sad
23901,surprise
23905,fear
23915,happy
23945,angry
23948,happy
23965,surprise
23968,happy
23978,happy
23991,fear
24013,sad
24057,sad
24066,neutral
24087,fear
2412,neutral
24133,neutral
24160,surprise
24168,happy
24173,happy
2418,sad
24183,happy
24217,surprise
24239,fear
24247,surprise
2431,happy
24329,happy
24363,neutral
24384,happy
24420,angry
24421,angry
24460,happy
24473,sad
2451,sad
24543,sad
24545,fear
24582,surprise
24643,happy
24664,neutral
24736,neutral
2476,happy
2478,surprise
2485,happy
24881,happy
24909,neutral
24916,happy
2496,sad
2499,happy
2502,fear
25025,happy
25055,angry
25087,neutral
25117,neutral
25126,surprise
25211,surprise
25231,happy
25240,angry
25250,neutral
25281,surprise
2530,sad
2533,happy
25330,fear
25348,neutral
25351,angry
25356,sad
25379,happy
25381,sad
2539,surprise
25410,surprise
25412,surprise
25425,happy
2546,neutral
25510,surprise
25529,neutral
25576,fear
25582,surprise
25597,neutral
25632,angry
25643,sad
2565,sad
25819,happy
25832,surprise
25843,surprise
25920,happy
25961,surprise
25983,happy
25985,sad
26005,sad
26006,happy
26040,angry
26079,neutral
2615,neutral
26198,neutral
26249,happy
26269,angry
26270,sad
26292,neutral
26304,happy
26313,sad
26321,sad
2633,sad
26339,neutral
26346,happy
2635,happy
26355,sad
26368,happy
26378,neutral
26398,fear
26404,sad
26443,happy
26484,happy
26501,surprise
26543,fear
26566,neutral
26573,happy
26581,neutral
26586,angry
26600,neutral
26612,surprise
26670,neutral
26675,sad
26683,angry
26702,sad
26747,angry
26772,angry
26834,happy
2690,angry
26959,fear
26970,happy
27005,happy
27027,happy
27035,sad
27052,sad
27117,sad
27124,fear
27258,angry
27292,happy
27305,surprise
27350,surprise
27400,neutral
27410,angry
27450,happy
27461,neutral
27471,neutral
2748,neutral
2751,sad
27518,sad
27522,fear
27561,fear
27562,fear
27576,happy
27585,surprise
27588,happy
27629,happy
27681,sad
27694,happy
27719,fear
27759,happy
27776,happy
27788,fear
27810,surprise
2785,sad
27873,surprise
2788,angry
27887,fear
27913,happy
27948,happy
27993,happy
28053,happy
28073,happy
28091,sad
28100,happy
28137,sad
28143,fear
28171,sad
28230,surprise
28252,fear
28272,angry
28294,neutral
28296,sad
28396,sad
28424,neutral
28426,neutral
28465,fear
28552,neutral
28555,neutral
28568,surprise
28596,happy
28696,happy
28700,fear
28794,happy
28895,fear
28966,happy
2902,neutral
29058,sad
29082,happy
29112,angry
29121,fear
29150,angry
29194,angry
29226,surprise
29243,happy
29295,neutral
29298,neutral
29305,neutral
29318,neutral
29322,surprise
2934,surprise
29379,sad
29383,surprise
2945,sad
2950,happy
29529,happy
29553,happy
29561,surprise
29580,sad
29585,angry
29617,angry
29622,fear
29627,neutral
29628,neutral
29632,fear
29652,happy
29692,fear
29703,angry
29756,surprise
29757,angry
29792,happy
29819,surprise
29835,happy
29875,angry
29897,sad
29936,angry
29937,fear
29941,angry
29970,angry
29973,happy
29998,happy
30001,fear
30035,happy
30045,happy
30056,surprise
3007,surprise
30080,happy
30094,fear
30104,sad
30118,surprise
3012,angry
30144,neutral
30170,fear
30181,happy
30219,neutral
30251,surprise
30274,happy
30289,fear
30292,angry
30326,happy
30331,happy
30358,fear
30377,happy
30410,surprise
30439,happy
30440,fear
30462,neutral
30541,angry
30552,happy
3056,angry
30565,sad
3059,happy
30611,neutral
3075,sad
30763,angry
30789,happy
30817,fear
30818,angry
30853,angry
30867,happy
3088,surprise
3094,angry
31009,fear
31068,surprise
31072,surprise
31099,happy
31104,happy
31113,surprise
31149,happy
3118,happy
312,sad
31248,angry
31265,sad
31328,angry
31367,neutral
3139,fear
31390,happy
31409,surprise
31424,neutral
31506,angry
31510,sad
31527,surprise
31534,sad
31634,angry
31643,fear
31653,neutral
31663,sad
31665,neutral
31669,happy
3169,surprise
31712,happy
31720,fear
31836,sad
31857,surprise
3187,neutral
32005,happy
32029,happy
3206,surprise
32139,sad
32175,happy
32183,fear
32189,happy
32202,happy
32268,happy
32296,sad
32297,happy
3235,happy
32383,sad
32394,surprise
32422,surprise
32565,neutral
32580,fear
32582,surprise
32613,sad
3263,surprise
32711,sad
32744,surprise
32768,happy
32814,happy
32818,surprise
32836,surprise
32843,happy
32859,sad
32861,sad
32898,surprise
32903,sad
32911,fear
32932,sad
32982,surprise
33089,fear
33152,happy
33213,surprise
33227,happy
33247,happy
33276,happy
33295,angry
33302,sad
33331,sad
33371,happy
33373,happy
33421,angry
33492,fear
33516,surprise
33523,neutral
33538,neutral
33628,happy
33636,sad
33640,happy
33686,angry
33691,happy
33693,surprise
33736,angry
33747,sad
3378,happy
33780,neutral
33786,surprise
3382,neutral
33820,fear
33936,fear
33962,surprise
33988,angry
3403,happy
34070,sad
34121,happy
34176,neutral
34195,neutral
34205,surprise
34242,happy
34250,sad
3433,happy
34387,sad
34408,angry
34413,happy
34427,surprise
34477,angry
34509,neutral
34533,fear
34605,fear
34610,happy
34629,happy
34633,surprise
34679,surprise
34694,fear
3477,sad
34788,happy
34798,fear
34799,fear
34820,surprise
34827,sad
34905,fear
34913,angry
34917,angry
3492,surprise
34945,neutral
34985,fear
34988,fear
34991,fear
350,happy
35030,happy
35039,happy
35043,sad
35058,happy
3506,happy
3508,happy
35116,surprise
35131,happy
35148,happy
3518,surprise
35192,fear
35214,fear
35297,sad
35318,happy
35375,angry
35386,happy
35411,neutral
3546,happy
35528,fear
35567,happy
35605,fear
35615,fear
35639,sad
35691,fear
35737,angry
35768,surprise
35812,happy
35873,surprise
359,angry
3634,surprise
3653,sad
3661,angry
3731,fear
3767,happy
3825,happy
3855,sad
3869,happy
3922,happy
3951,happy
3972,fear
3988,sad
4130,neutral
4207,happy
422,neutral
4233,sad
4274,happy
4381,happy
4389,happy
4412,happy
4415,surprise
4441,surprise
4482,angry
4534,happy
4572,sad
4594,fear
4596,surprise
4615,neutral
4624,happy
4697,neutral
4714,fear
4734,neutral
4736,happy
4764,angry
4771,angry
4811,angry
4860,angry
4940,fear
4951,happy
4958,surprise
4987,sad
5004,neutral
505,happy
5055,fear
5056,sad
5058,neutral
5061,happy
5100,neutral
5101,neutral
5107,neutral
5147,sad
5166,surprise
5177,happy
5224,happy
5229,neutral
5374,sad
5435,happy
5466,neutral
5560,sad
5629,surprise
5642,neutral
5689,sad
5710,happy
580,happy
5836,neutral
5910,happy
5995,angry
6025,neutral
6033,neutral
6109,angry
6137,surprise
6149,neutral
6187,fear
6215,sad
6265,happy
6304,happy
6312,surprise
6353,neutral
6400,angry
6449,happy
6459,sad
6467,angry
6492,happy
6521,sad
6529,happy
6551,happy
6557,surprise
6563,angry
6645,fear
6660,happy
6720,sad
6735,angry
6771,happy
680,happy
6833,sad
6860,sad
688,surprise
6897,happy
6901,angry
6904,sad
6915,happy
6930,angry
6957,neutral
6960,fear
6964,happy
70,happy
7030,happy
7037,fear
7039,sad
7119,neutral
7121,happy
7165,happy
7232,happy
7253,happy
7268,happy
7275,fear
7287,neutral
7301,happy
7337,fear
7371,neutral
7400,fear
7406,angry
7430,surprise
7475,neutral
7502,happy
7536,neutral
7566,happy
7569,happy
761,fear
7618,surprise
7623,fear
7675,neutral
7679,fear
7724,neutral
7776,sad
7806,fear
7848,happy
7877,sad
7878,happy
7943,surprise
7962,happy
7963,neutral
7976,surprise
798,happy
800,fear
8039,fear
8056,fear
8098,fear
8099,angry
8102,neutral
8146,neutral
8164,fear
8197,fear
8203,happy
822,happy
8223,neutral
8238,neutral
8252,happy
8266,angry
8333,angry
8390,angry
8430,sad
8525,neutral
8580,sad
8614,sad
8639,sad
8659,surprise
8702,angry
8718,neutral
8738,neutral
8761,surprise
8814,happy
8834,happy
8851,fear
8876,neutral
8892,sad
8925,happy
8953,angry
8955,fear
8958,happy
9006,happy
9028,happy
9066,sad
9073,surprise
9082,happy
9087,surprise
9119,happy
9142,surprise
9171,surprise
9219,disgust
922,neutral
9238,happy
9267,neutral
9327,happy
9338,surprise
9387,happy
9405,sad
9454,angry
9457,angry
9459,happy
9463,sad
9465,happy
9498,sad
9508,surprise
9548,surprise
9689,angry
9693,neutral
9713,sad
9769,neutral
977,sad
98,sad
9841,fear
9864,neutral
987,sad
9885,surprise
9889,sad
9923,angry
10056,fear
10097,happy
10162,angry
10185,happy
10246,happy
10259,happy
10268,fear
10306,happy
1033,sad
10365,surprise
10372,sad
10444,angry
10545,sad
10625,surprise
10701,neutral
10734,sad
10755,surprise
10768,happy
10800,surprise
10813,neutral
10820,happy
10837,sad
10866,happy
10909,neutral
10931,fear
10950,happy
11000,angry
11043,angry
1107,happy
11126,angry
11139,angry
1118,angry
11302,neutral
11414,neutral
11418,happy
11429,neutral
11451,fear
11466,angry
11589,surprise
11670,neutral
11721,happy
1176,sad
11786,sad
11848,sad
11865,happy
11902,fear
12086,sad
12107,neutral
12131,happy
12134,neutral
12312,angry
12320,angry
12338,fear
1239,happy
12463,happy
12470,angry
1249,angry
12504,happy
12529,angry
12551,surprise
12567,happy
12626,surprise
12684,sad
12723,fear
12748,angry
12768,neutral
12903,sad
12924,sad
12960,surprise
12973,happy
13009,happy
13080,happy
13101,neutral
13145,happy
13169,happy
13203,happy
13205,happy
13230,surprise
13288,happy
13460,sad
13521,surprise
13622,happy
13684,neutral
13740,neutral
1376,angry
13837,neutral
13876,angry
14080,fear
14091,neutral
14115,sad
14305,happy
14331,sad
14375,angry
1449,surprise
1457,happy
14647,neutral
14691,neutral
14697,sad
14798,surprise
14914,surprise
14927,sad
14968,surprise
15008,sad
15034,fear
15037,fear
15047,happy
15101,happy
1515,neutral
15179,fear
15238,happy
15244,surprise
15263,angry
15354,sad
15378,sad
15383,happy
15416,fear
15454,fear
15467,happy
15486,neutral
15487,fear
15518,fear
15524,neutral
15527,sad
15533,happy
15628,neutral
15635,angry
15788,sad
15802,surprise
1583,happy
15922,surprise
15944,surprise
16110,angry
16133,fear
16172,surprise
16229,sad
16237,surprise
16280,fear
16396,happy
16415,angry
16441,angry
16507,happy
16530,happy
16646,neutral
16666,surprise
16721,angry
16756,happy
16774,happy
16829,happy
16886,sad
16901,neutral
16947,neutral
16959,angry
16980,angry
16995,happy
17016,surprise
17019,happy
17027,sad
17044,neutral
1710,happy
17137,happy
17148,sad
17157,surprise
17161,sad
17177,happy
17205,happy
17245,fear
17290,happy
17309,happy
1735,sad
17350,neutral
17422,surprise
17429,sad
17433,happy
1750,happy
176,angry
17610,sad
1764,sad
17693,happy
17845,happy
17906,neutral
17919,sad
17952,fear
1800,surprise
18026,fear
18038,happy
18132,happy
18198,fear
18285,fear
18313,sad
18393,happy
18436,angry
18521,neutral
18555,happy
18577,surprise
18613,happy
18615,surprise
18619,neutral
18631,sad
1864,surprise
18678,neutral
18706,happy
18742,happy
18862,happy
18864,neutral
19051,sad
1911,sad
1914,sad
19142,fear
19177,sad
19187,happy
19267,sad
19314,angry
19362,happy
19389,fear
19431,fear
1945,surprise
1952,fear
19594,angry
19601,angry
19650,happy
19665,fear
19720,happy
19755,fear
19795,fear
1992,happy
19972,happy
20041,happy
20146,surprise
20148,fear
20162,neutral
20167,happy
20262,happy
20293,neutral
20369,surprise
20373,happy
20387,happy
20407,neutral
20467,neutral
20573,happy
20584,surprise
20594,sad
20664,happy
20691,sad
20786,happy
20855,happy
20882,sad
2090,happy
20935,fear
20947,surprise
20967,fear
20989,happy
21044,neutral
21072,fear
21074,angry
2114,sad
21148,angry
21151,angry
21153,angry
21154,happy
2119,happy
21217,sad
21233,surprise
21239,surprise
21299,happy
21417,angry
2146,happy
21461,sad
21468,happy
21545,surprise
21570,sad
21578,happy
21587,neutral
2168,neutral
2173,surprise
21807,sad
21824,happy
21834,happy
21887,happy
21896,fear
21906,sad
2195,happy
21973,fear
21987,neutral
2200,sad
22019,surprise
22025,neutral
22128,sad
22131,angry
22278,fear
2228,sad
22305,happy
22322,angry
2234,neutral
22372,happy
22497,happy
22509,sad
22525,sad
22666,happy
22741,surprise
22771,fear
22864,happy
22921,happy
23053,happy
23151,happy
23155,sad
23328,happy
23346,happy
23386,sad
23413,happy
23433,fear
23661,fear
23662,happy
23739,angry
23747,sad
23751,surprise
23885,happy
23893,happy
23917,neutral
23941,neutral
23943,surprise
23949,fear
24022,angry
24031,happy
24046,sad
24050,sad
24143,surprise
24163,happy
24167,neutral
24174,neutral
24179,happy
24201,happy
24291,angry
24404,sad
24411,neutral
24415,angry
24432,happy
24433,disgust
2448,happy
24557,fear
2461,fear
24646,surprise
24668,happy
24756,surprise
24893,fear
24904,fear
24921,neutral
25010,sad
25036,happy
25044,happy
25107,happy
25143,sad
25188,neutral
25229,happy
25234,surprise
25280,sad
2529,surprise
25319,surprise
25390,neutral
25397,sad
25402,sad
25416,neutral
25492,sad
25539,happy
25563,fear
25571,angry
256,happy
25610,sad
25636,surprise
25674,surprise
25687,surprise
25709,happy
25742,happy
25781,happy
25808,sad
25906,angry
25959,angry
26076,happy
26087,surprise
26101,neutral
26102,surprise
26133,neutral
2619,happy
26243,surprise
2634,sad
26452,fear
26455,neutral
26483,sad
26487,happy
26500,fear
26556,neutral
26626,happy
26708,happy
26800,happy
26825,happy
26907,sad
26910,neutral
26914,happy
26944,fear
27025,neutral
27039,fear
27070,angry
27125,sad
27165,neutral
27174,sad
27193,fear
27240,neutral
27270,surprise
27273,fear
27321,angry
27325,surprise
27328,neutral
2744,surprise
27566,surprise
27577,angry
2758,fear
27586,neutral
2759,sad
276,sad
27696,surprise
27737,happy
27756,fear
27774,angry
27803,happy
27916,angry
27919,fear
27926,neutral
27933,fear
27973,surprise
27979,sad
2803,happy
28076,sad
28082,happy
28130,happy
28182,happy
28219,neutral
28236,sad
28287,neutral
28328,angry
28335,sad
28342,happy
2835,happy
2837,angry
28370,happy
28421,neutral
28441,happy
28448,happy
28476,neutral
28482,sad
28501,angry
28525,happy
28639,happy
28653,happy
28666,angry
28667,surprise
28727,happy
28803,fear
2886,happy
28864,happy
28901,neutral
29038,fear
29110,neutral
29118,happy
29164,sad
29205,neutral
29225,neutral
29276,neutral
29283,neutral
29354,neutral
2949,surprise
29515,neutral
29516,neutral
29537,happy
29540,angry
29542,surprise
29551,fear
29557,fear
2956,sad
29568,sad
29618,happy
29619,surprise
29677,happy
29690,neutral
29796,happy
29797,sad
29803,happy
29884,fear
29954,happy
3002,neutral
30173,neutral
30174,surprise
30184,neutral
30190,neutral
30336,sad
30537,neutral
30620,neutral
30625,happy
30628,happy
30714,happy
30726,neutral
30811,neutral
3084,sad
30943,happy
30989,happy
31005,neutral
31054,sad
31097,sad
31102,fear
31194,surprise
31198,neutral
31206,neutral
31223,surprise
31353,angry
31364,fear
31533,sad
31563,surprise
3157,sad
31631,surprise
31662,sad
31775,fear
31781,happy
31784,fear
31799,fear
31814,happy
31826,happy
31872,happy
31882,neutral
31899,surprise
31953,neutral
31961,neutral
32069,happy
32132,surprise
32165,neutral
32179,sad
3223,fear
3224,neutral
32243,happy
32308,angry
32315,happy
32324,fear
32334,happy
32365,fear
32395,happy
32405,neutral
32420,fear
32432,neutral
32510,happy
32530,fear
32630,neutral
32695,surprise
32727,happy
32734,happy
32753,happy
32756,happy
32894,fear
32968,happy
32979,neutral
330,happy
33039,sad
33055,happy
33072,angry
33079,neutral
33147,neutral
33180,surprise
33290,happy
33316,neutral
33329,sad
33364,happy
33376,angry
33378,fear
33405,happy
33411,fear
3354,fear
336,happy
33667,neutral
33677,neutral
33745,sad
33759,surprise
33789,happy
33800,neutral
33879,angry
3392,sad
33993,sad
33997,happy
34004,sad
34034,happy
34039,angry
34072,happy
34087,surprise
34134,neutral
34162,happy
34212,sad
3423,happy
34237,happy
34252,fear
34288,neutral
34385,angry
34400,neutral
34416,surprise
34439,surprise
3445,sad
34546,happy
34557,surprise
34664,sad
34674,neutral
34722,happy
34787,sad
34813,happy
34844,happy
34904,neutral
34926,fear
34984,fear
34986,happy
35049,fear
35063,neutral
35083,happy
35084,happy
35118,happy
35121,neutral
35144,angry
35154,happy
35156,fear
35194,surprise
35201,happy
35212,neutral
35237,angry
35276,surprise
35355,angry
35384,happy
35387,neutral
35399,sad
35511,fear
35524,surprise
35530,surprise
35608,fear
35644,sad
35684,neutral
35688,sad
35757,happy
35790,neutral
35823,happy
35833,happy
35857,surprise
35872,happy
3603,neutral
3607,sad
3635,happy
3675,happy
3691,happy
3756,fear
3765,happy
3858,surprise
3874,fear
3878,surprise
3925,surprise
4036,happy
4072,surprise
4076,neutral
4080,happy
4086,surprise
413,angry
4199,sad
4243,happy
4289,neutral
4347,neutral
435,fear
4352,neutral
438,sad
4390,surprise
4431,angry
4486,angry
4513,neutral
4536,fear
4570,neutral
4621,angry
4636,happy
4657,sad
4685,happy
4698,surprise
4793,surprise
4895,angry
4912,happy
5037,fear
5077,sad
51,sad
5138,happy
5178,sad
518,fear
5310,fear
5375,fear
5419,happy
5450,happy
5513,neutral
5530,neutral
5595,happy
5636,happy
5664,neutral
5706,angry
5771,sad
5778,sad
5855,happy
5893,angry
5938,fear
5943,neutral
5997,angry
6046,surprise
6050,fear
6167,sad
6184,happy
6216,neutral
6219,happy
6247,sad
6309,happy
6360,surprise
6410,angry
6415,happy
6425,happy
6427,happy
647,angry
6518,surprise
6598,sad
6647,neutral
670,fear
6711,happy
6716,fear
675,surprise
6797,happy
6877,happy
692,fear
6966,surprise
7024,fear
7032,fear
7153,fear
7203,neutral
7211,angry
726,surprise
7459,angry
7512,neutral
7562,sad
7582,surprise
759,happy
7626,happy
7761,neutral
7774,angry
78,sad
783,fear
7865,neutral
7874,neutral
788,angry
7926,happy
7957,happy
8016,sad
8021,happy
8042,sad
8063,happy
8115,happy
8137,surprise
8143,angry
8173,fear
8240,sad
8309,sad
8329,neutral
8404,sad
8421,surprise
843,fear
8439,happy
8478,sad
8489,neutral
867,sad
8736,angry
8837,happy
8928,surprise
8973,neutral
9017,happy
9021,happy
9118,neutral
9141,neutral
9162,neutral
9309,sad
9367,sad
9380,neutral
9450,neutral
9467,angry
947,angry
9499,angry
9541,angry
9546,happy
9560,angry
9630,surprise
9644,angry
9681,sad
9776,fear
9786,happy
9806,happy
9830,happy
9853,happy
9878,sad
993,neutral
